clean_date,total_articles,positive,neutral,negative,average_score,average_confidence,positive_ratio,neutral_ratio,negative_ratio,sentiment_index
2016-09-08,1,0,1,0,0.0,0.9357889890670776,0.0,1.0,0.0,0.0
2017-01-29,1,0,1,0,0.0,0.9146474599838256,0.0,1.0,0.0,0.0
2017-01-31,2,1,1,0,0.5,0.9371283948421478,0.5,0.5,0.0,0.5
2017-02-01,1,0,1,0,0.0,0.8588475584983826,0.0,1.0,0.0,0.0
2017-02-05,1,0,0,1,-1.0,0.9560269713401794,0.0,0.0,1.0,-1.0
2017-02-06,2,0,1,1,-0.5,0.9530771672725677,0.0,0.5,0.5,-0.5
2017-02-07,2,0,0,2,-1.0,0.8048713803291321,0.0,0.0,1.0,-1.0
2017-02-08,2,1,1,0,0.5,0.8237820267677307,0.5,0.5,0.0,0.5
2017-02-09,1,0,0,1,-1.0,0.9655781388282776,0.0,0.0,1.0,-1.0
2017-02-12,1,0,0,1,-1.0,0.9540761709213256,0.0,0.0,1.0,-1.0
2017-02-13,1,1,0,0,1.0,0.9294135570526124,1.0,0.0,0.0,1.0
2017-02-14,3,0,2,1,-0.3333333333333333,0.9407389362653097,0.0,0.6666666666666666,0.3333333333333333,-0.3333333333333333
2017-02-15,2,1,0,1,0.0,0.9184579849243164,0.5,0.0,0.5,0.0
2017-02-16,1,1,0,0,1.0,0.9349064230918884,1.0,0.0,0.0,1.0
2017-02-19,1,1,0,0,1.0,0.7963358163833618,1.0,0.0,0.0,1.0
2017-02-20,1,0,0,1,-1.0,0.7756965756416321,0.0,0.0,1.0,-1.0
2017-02-21,1,0,0,1,-1.0,0.9717639088630676,0.0,0.0,1.0,-1.0
2017-02-22,1,0,0,1,-1.0,0.9676555395126344,0.0,0.0,1.0,-1.0
2017-02-23,1,0,1,0,0.0,0.953177571296692,0.0,1.0,0.0,0.0
2017-02-26,1,0,0,1,-1.0,0.9662237763404846,0.0,0.0,1.0,-1.0
2017-02-27,1,0,1,0,0.0,0.925031840801239,0.0,1.0,0.0,0.0
2017-02-28,1,0,0,1,-1.0,0.9515803456306458,0.0,0.0,1.0,-1.0
2017-03-02,2,1,1,0,0.5,0.8703006505966187,0.5,0.5,0.0,0.5
2017-03-03,1,0,1,0,0.0,0.4982099533081054,0.0,1.0,0.0,0.0
2017-03-05,1,1,0,0,1.0,0.9128939509391784,1.0,0.0,0.0,1.0
2017-03-06,4,1,3,0,0.25,0.9223923087120056,0.25,0.75,0.0,0.25
2017-03-07,1,0,1,0,0.0,0.8997429013252258,0.0,1.0,0.0,0.0
2017-03-08,1,0,1,0,0.0,0.9229822158813475,0.0,1.0,0.0,0.0
2017-03-09,1,1,0,0,1.0,0.9357345104217528,1.0,0.0,0.0,1.0
2017-03-13,1,1,0,0,1.0,0.9434261918067932,1.0,0.0,0.0,1.0
2017-03-15,1,1,0,0,1.0,0.9289399981498718,1.0,0.0,0.0,1.0
2017-03-19,1,0,1,0,0.0,0.9540071487426758,0.0,1.0,0.0,0.0
2017-03-20,1,1,0,0,1.0,0.822990357875824,1.0,0.0,0.0,1.0
2017-03-21,2,1,1,0,0.5,0.853836178779602,0.5,0.5,0.0,0.5
2017-03-22,2,2,0,0,1.0,0.8963488042354584,1.0,0.0,0.0,1.0
2017-03-23,1,1,0,0,1.0,0.9411997199058532,1.0,0.0,0.0,1.0
2017-03-24,1,0,0,1,-1.0,0.9254481196403505,0.0,0.0,1.0,-1.0
2017-03-26,1,1,0,0,1.0,0.9075827598571776,1.0,0.0,0.0,1.0
2017-03-27,1,0,1,0,0.0,0.8853600025177002,0.0,1.0,0.0,0.0
2017-03-28,7,3,3,1,0.2857142857142857,0.8370354516165597,0.42857142857142855,0.42857142857142855,0.14285714285714285,0.2857142857142857
2017-03-29,1,0,0,1,-1.0,0.927085280418396,0.0,0.0,1.0,-1.0
2017-03-30,1,0,0,1,-1.0,0.9664162397384644,0.0,0.0,1.0,-1.0
2017-04-02,1,1,0,0,1.0,0.7253709435462952,1.0,0.0,0.0,1.0
2017-04-03,4,0,3,1,-0.25,0.9026277959346771,0.0,0.75,0.25,-0.25
2017-04-04,1,0,0,1,-1.0,0.9706121683120728,0.0,0.0,1.0,-1.0
2017-04-05,1,0,1,0,0.0,0.9344563484191896,0.0,1.0,0.0,0.0
2017-04-06,1,0,0,1,-1.0,0.9573553800582886,0.0,0.0,1.0,-1.0
2017-04-09,1,0,0,1,-1.0,0.7408076524734497,0.0,0.0,1.0,-1.0
2017-04-10,1,1,0,0,1.0,0.9435856938362122,1.0,0.0,0.0,1.0
2017-04-12,2,0,1,1,-0.5,0.7479685246944427,0.0,0.5,0.5,-0.5
2017-04-13,1,1,0,0,1.0,0.4908128976821899,1.0,0.0,0.0,1.0
2017-04-18,1,0,0,1,-1.0,0.973425030708313,0.0,0.0,1.0,-1.0
2017-04-19,2,1,0,1,0.0,0.9341727793216705,0.5,0.0,0.5,0.0
2017-04-20,2,0,1,1,-0.5,0.8906656801700592,0.0,0.5,0.5,-0.5
2017-04-24,1,0,0,1,-1.0,0.9692265391349792,0.0,0.0,1.0,-1.0
2017-04-25,1,0,0,1,-1.0,0.9705482721328736,0.0,0.0,1.0,-1.0
2017-04-26,1,1,0,0,1.0,0.6016293168067932,1.0,0.0,0.0,1.0
2017-04-27,1,0,0,1,-1.0,0.9693996906280518,0.0,0.0,1.0,-1.0
2017-04-30,2,0,0,2,-1.0,0.9318899214267731,0.0,0.0,1.0,-1.0
2017-05-02,1,1,0,0,1.0,0.9205919504165648,1.0,0.0,0.0,1.0
2017-05-03,2,1,1,0,0.5,0.9452635049819946,0.5,0.5,0.0,0.5
2017-05-04,1,0,0,1,-1.0,0.9712364673614502,0.0,0.0,1.0,-1.0
2017-05-07,1,0,0,1,-1.0,0.9738047122955322,0.0,0.0,1.0,-1.0
2017-05-09,1,1,0,0,1.0,0.9233565330505372,1.0,0.0,0.0,1.0
2017-05-11,1,1,0,0,1.0,0.9303097724914552,1.0,0.0,0.0,1.0
2017-05-15,2,1,1,0,0.5,0.6789872646331787,0.5,0.5,0.0,0.5
2017-05-16,2,0,1,1,-0.5,0.9536486268043518,0.0,0.5,0.5,-0.5
2017-05-17,1,0,0,1,-1.0,0.970690906047821,0.0,0.0,1.0,-1.0
2017-05-18,1,0,0,1,-1.0,0.6518579721450806,0.0,0.0,1.0,-1.0
2017-05-21,2,0,1,1,-0.5,0.9645086526870728,0.0,0.5,0.5,-0.5
2017-05-22,1,0,0,1,-1.0,0.9728427529335022,0.0,0.0,1.0,-1.0
2017-05-23,1,1,0,0,1.0,0.9513198137283324,1.0,0.0,0.0,1.0
2017-05-24,1,1,0,0,1.0,0.9318343997001648,1.0,0.0,0.0,1.0
2017-05-30,2,0,1,1,-0.5,0.9577884674072266,0.0,0.5,0.5,-0.5
2017-05-31,1,1,0,0,1.0,0.5926830768585205,1.0,0.0,0.0,1.0
2017-06-01,2,0,1,1,-0.5,0.9556766450405121,0.0,0.5,0.5,-0.5
2017-06-04,1,0,0,1,-1.0,0.9670866131782532,0.0,0.0,1.0,-1.0
2017-06-05,1,1,0,0,1.0,0.9353302121162416,1.0,0.0,0.0,1.0
2017-06-06,3,1,2,0,0.3333333333333333,0.9127980271975199,0.3333333333333333,0.6666666666666666,0.0,0.3333333333333333
2017-06-07,1,0,0,1,-1.0,0.9678071737289428,0.0,0.0,1.0,-1.0
2017-06-08,1,0,0,1,-1.0,0.9718329906463624,0.0,0.0,1.0,-1.0
2017-06-09,1,0,1,0,0.0,0.9331861138343812,0.0,1.0,0.0,0.0
2017-06-11,1,0,0,1,-1.0,0.7714973092079163,0.0,0.0,1.0,-1.0
2017-06-12,1,0,0,1,-1.0,0.9710665345191956,0.0,0.0,1.0,-1.0
2017-06-13,3,0,2,1,-0.3333333333333333,0.901794453461965,0.0,0.6666666666666666,0.3333333333333333,-0.3333333333333333
2017-06-14,2,0,1,1,-0.5,0.9556808173656464,0.0,0.5,0.5,-0.5
2017-06-15,2,1,1,0,0.5,0.8858597874641418,0.5,0.5,0.0,0.5
2017-06-18,1,0,0,1,-1.0,0.964408040046692,0.0,0.0,1.0,-1.0
2017-06-19,3,0,1,2,-0.6666666666666666,0.9188650647799174,0.0,0.3333333333333333,0.6666666666666666,-0.6666666666666666
2017-06-20,1,0,0,1,-1.0,0.9641808867454528,0.0,0.0,1.0,-1.0
2017-06-22,1,1,0,0,1.0,0.9352135062217712,1.0,0.0,0.0,1.0
2017-06-25,1,1,0,0,1.0,0.946776568889618,1.0,0.0,0.0,1.0
2017-06-27,1,0,0,1,-1.0,0.968546450138092,0.0,0.0,1.0,-1.0
2017-06-28,1,0,0,1,-1.0,0.971944272518158,0.0,0.0,1.0,-1.0
2017-06-29,1,0,1,0,0.0,0.9118582606315612,0.0,1.0,0.0,0.0
2017-07-02,2,0,1,1,-0.5,0.9048566222190857,0.0,0.5,0.5,-0.5
2017-07-03,1,1,0,0,1.0,0.9031124711036682,1.0,0.0,0.0,1.0
2017-07-04,1,0,0,1,-1.0,0.9611232876777648,0.0,0.0,1.0,-1.0
2017-07-06,1,1,0,0,1.0,0.9378803372383118,1.0,0.0,0.0,1.0
2017-07-09,2,2,0,0,1.0,0.8482090532779694,1.0,0.0,0.0,1.0
2017-07-10,1,0,0,1,-1.0,0.9678234457969666,0.0,0.0,1.0,-1.0
2017-07-11,1,1,0,0,1.0,0.9322040677070618,1.0,0.0,0.0,1.0
2017-07-12,1,1,0,0,1.0,0.9336528182029724,1.0,0.0,0.0,1.0
2017-07-13,1,0,0,1,-1.0,0.972650110721588,0.0,0.0,1.0,-1.0
2017-07-17,1,1,0,0,1.0,0.9332093596458436,1.0,0.0,0.0,1.0
2017-07-18,1,1,0,0,1.0,0.9288178086280824,1.0,0.0,0.0,1.0
2017-07-19,1,0,0,1,-1.0,0.9704795479774476,0.0,0.0,1.0,-1.0
2017-07-20,1,0,0,1,-1.0,0.968163251876831,0.0,0.0,1.0,-1.0
2017-07-23,2,0,1,1,-0.5,0.957938253879547,0.0,0.5,0.5,-0.5
2017-07-24,2,0,1,1,-0.5,0.9037290513515472,0.0,0.5,0.5,-0.5
2017-07-25,1,1,0,0,1.0,0.9093096852302552,1.0,0.0,0.0,1.0
2017-07-26,1,1,0,0,1.0,0.939656138420105,1.0,0.0,0.0,1.0
2017-07-27,3,0,1,2,-0.6666666666666666,0.9364762703577677,0.0,0.3333333333333333,0.6666666666666666,-0.6666666666666666
2017-07-31,1,1,0,0,1.0,0.938040554523468,1.0,0.0,0.0,1.0
2017-08-01,2,1,1,0,0.5,0.90367391705513,0.5,0.5,0.0,0.5
2017-08-02,3,1,2,0,0.3333333333333333,0.9279692769050598,0.3333333333333333,0.6666666666666666,0.0,0.3333333333333333
2017-08-03,1,0,0,1,-1.0,0.9707819223403932,0.0,0.0,1.0,-1.0
2017-08-04,1,1,0,0,1.0,0.9283460378646852,1.0,0.0,0.0,1.0
2017-08-06,1,1,0,0,1.0,0.8741658329963684,1.0,0.0,0.0,1.0
2017-08-07,1,1,0,0,1.0,0.9404049515724182,1.0,0.0,0.0,1.0
2017-08-08,1,0,1,0,0.0,0.5741003155708313,0.0,1.0,0.0,0.0
2017-08-09,1,0,0,1,-1.0,0.969647228717804,0.0,0.0,1.0,-1.0
2017-08-10,1,0,0,1,-1.0,0.9683200716972352,0.0,0.0,1.0,-1.0
2017-08-13,2,0,1,1,-0.5,0.9565466940402985,0.0,0.5,0.5,-0.5
2017-08-14,1,0,0,1,-1.0,0.9234359860420228,0.0,0.0,1.0,-1.0
2017-08-15,1,0,0,1,-1.0,0.9605457186698914,0.0,0.0,1.0,-1.0
2017-08-16,2,0,1,1,-0.5,0.9511618614196777,0.0,0.5,0.5,-0.5
2017-08-17,1,0,0,1,-1.0,0.9710524082183838,0.0,0.0,1.0,-1.0
2017-08-18,3,0,2,1,-0.3333333333333333,0.9405512611071268,0.0,0.6666666666666666,0.3333333333333333,-0.3333333333333333
2017-08-20,3,0,2,1,-0.3333333333333333,0.9192502101262411,0.0,0.6666666666666666,0.3333333333333333,-0.3333333333333333
2017-08-21,4,1,1,2,-0.25,0.9500482082366943,0.25,0.25,0.5,-0.25
2017-08-22,1,1,0,0,1.0,0.9419060945510864,1.0,0.0,0.0,1.0
2017-08-23,1,0,1,0,0.0,0.8539092540740967,0.0,1.0,0.0,0.0
2017-08-25,2,0,2,0,0.0,0.9343183040618896,0.0,1.0,0.0,0.0
2017-08-27,2,2,0,0,1.0,0.7298067808151245,1.0,0.0,0.0,1.0
2017-08-28,2,0,2,0,0.0,0.8181766867637634,0.0,1.0,0.0,0.0
2017-08-29,1,0,1,0,0.0,0.8233634233474731,0.0,1.0,0.0,0.0
2017-08-30,6,0,5,1,-0.16666666666666666,0.9234197040398916,0.0,0.8333333333333334,0.16666666666666666,-0.16666666666666666
2017-08-31,3,1,1,1,0.0,0.6842358708381653,0.3333333333333333,0.3333333333333333,0.3333333333333333,0.0
2017-09-03,1,0,1,0,0.0,0.7947348356246948,0.0,1.0,0.0,0.0
2017-09-04,2,0,1,1,-0.5,0.9595541954040527,0.0,0.5,0.5,-0.5
2017-09-06,1,1,0,0,1.0,0.9412522912025452,1.0,0.0,0.0,1.0
2017-09-08,1,1,0,0,1.0,0.9395950436592102,1.0,0.0,0.0,1.0
2017-09-10,1,0,0,1,-1.0,0.970931589603424,0.0,0.0,1.0,-1.0
2017-09-11,3,2,1,0,0.6666666666666666,0.9443085789680481,0.6666666666666666,0.3333333333333333,0.0,0.6666666666666666
2017-09-12,2,0,1,1,-0.5,0.9432331025600433,0.0,0.5,0.5,-0.5
2017-09-13,4,2,2,0,0.5,0.9310559779405594,0.5,0.5,0.0,0.5
2017-09-14,2,1,1,0,0.5,0.926363468170166,0.5,0.5,0.0,0.5
2017-09-15,1,0,0,1,-1.0,0.9678847789764404,0.0,0.0,1.0,-1.0
2017-09-18,1,0,0,1,-1.0,0.97128164768219,0.0,0.0,1.0,-1.0
2017-09-19,1,0,1,0,0.0,0.9257003664970398,0.0,1.0,0.0,0.0
2017-09-22,3,1,2,0,0.3333333333333333,0.8844647407531738,0.3333333333333333,0.6666666666666666,0.0,0.3333333333333333
2017-10-08,2,1,0,1,0.0,0.8398167192935944,0.5,0.0,0.5,0.0
2017-10-09,1,0,1,0,0.0,0.9388364553451538,0.0,1.0,0.0,0.0
2017-10-10,1,0,0,1,-1.0,0.9507126212120056,0.0,0.0,1.0,-1.0
2017-10-11,1,1,0,0,1.0,0.9475464820861816,1.0,0.0,0.0,1.0
2017-10-12,3,1,1,1,0.0,0.8353297909100851,0.3333333333333333,0.3333333333333333,0.3333333333333333,0.0
2017-10-13,2,0,2,0,0.0,0.7839169502258301,0.0,1.0,0.0,0.0
2017-10-16,2,1,1,0,0.5,0.9294498860836029,0.5,0.5,0.0,0.5
2017-10-18,2,1,0,1,0.0,0.9073234796524048,0.5,0.0,0.5,0.0
2017-10-22,4,3,0,1,0.5,0.8700924962759018,0.75,0.0,0.25,0.5
2017-10-23,2,1,0,1,0.0,0.940433919429779,0.5,0.0,0.5,0.0
2017-10-24,3,0,2,1,-0.3333333333333333,0.8212956190109253,0.0,0.6666666666666666,0.3333333333333333,-0.3333333333333333
2017-10-26,1,0,1,0,0.0,0.8815529346466064,0.0,1.0,0.0,0.0
2017-10-27,2,0,1,1,-0.5,0.911028653383255,0.0,0.5,0.5,-0.5
2017-10-29,1,0,0,1,-1.0,0.968930959701538,0.0,0.0,1.0,-1.0
2017-10-30,1,0,0,1,-1.0,0.9722842574119568,0.0,0.0,1.0,-1.0
2017-10-31,4,2,1,1,0.25,0.9460037499666214,0.5,0.25,0.25,0.25
2017-11-01,1,0,0,1,-1.0,0.9742448925971984,0.0,0.0,1.0,-1.0
2017-11-02,2,0,1,1,-0.5,0.9583419561386108,0.0,0.5,0.5,-0.5
2017-11-05,3,0,2,1,-0.3333333333333333,0.9464152654012045,0.0,0.6666666666666666,0.3333333333333333,-0.3333333333333333
2017-11-06,2,0,1,1,-0.5,0.947248786687851,0.0,0.5,0.5,-0.5
2017-11-07,2,0,1,1,-0.5,0.8987828493118286,0.0,0.5,0.5,-0.5
2017-11-08,3,0,2,1,-0.3333333333333333,0.7226395209630331,0.0,0.6666666666666666,0.3333333333333333,-0.3333333333333333
2017-11-12,2,1,1,0,0.5,0.9198618531227112,0.5,0.5,0.0,0.5
2017-11-13,3,3,0,0,1.0,0.8459866245587667,1.0,0.0,0.0,1.0
2017-11-14,1,1,0,0,1.0,0.9447362422943116,1.0,0.0,0.0,1.0
2017-11-16,1,0,0,1,-1.0,0.9676308035850524,0.0,0.0,1.0,-1.0
2017-11-17,1,1,0,0,1.0,0.9105482697486876,1.0,0.0,0.0,1.0
2017-11-19,1,0,0,1,-1.0,0.9728218913078308,0.0,0.0,1.0,-1.0
2017-11-20,1,0,0,1,-1.0,0.972602128982544,0.0,0.0,1.0,-1.0
2017-11-22,2,0,1,1,-0.5,0.9165655672550201,0.0,0.5,0.5,-0.5
2017-11-23,2,1,0,1,0.0,0.9214370250701904,0.5,0.0,0.5,0.0
2017-11-24,2,0,2,0,0.0,0.9401184022426604,0.0,1.0,0.0,0.0
2017-11-26,2,2,0,0,1.0,0.8460482954978943,1.0,0.0,0.0,1.0
2017-11-27,1,0,0,1,-1.0,0.9116454720497132,0.0,0.0,1.0,-1.0
2017-11-28,3,2,0,1,0.3333333333333333,0.930939237276713,0.6666666666666666,0.0,0.3333333333333333,0.3333333333333333
2017-11-29,2,2,0,0,1.0,0.936225175857544,1.0,0.0,0.0,1.0
2017-11-30,1,0,0,1,-1.0,0.5767766833305359,0.0,0.0,1.0,-1.0
2017-12-01,2,0,2,0,0.0,0.9257860481739044,0.0,1.0,0.0,0.0
2017-12-03,2,0,2,0,0.0,0.8704053461551666,0.0,1.0,0.0,0.0
2017-12-04,3,0,2,1,-0.3333333333333333,0.9478382666905721,0.0,0.6666666666666666,0.3333333333333333,-0.3333333333333333
2017-12-05,1,0,0,1,-1.0,0.971259593963623,0.0,0.0,1.0,-1.0
2017-12-06,2,1,1,0,0.5,0.7476091384887695,0.5,0.5,0.0,0.5
2017-12-10,1,0,0,1,-1.0,0.9575402736663818,0.0,0.0,1.0,-1.0
2017-12-11,1,0,0,1,-1.0,0.8798394799232483,0.0,0.0,1.0,-1.0
2017-12-12,1,0,0,1,-1.0,0.9680304527282716,0.0,0.0,1.0,-1.0
2017-12-14,3,0,1,2,-0.6666666666666666,0.9386712710062662,0.0,0.3333333333333333,0.6666666666666666,-0.6666666666666666
2017-12-15,1,0,1,0,0.0,0.9097722768783568,0.0,1.0,0.0,0.0
2017-12-17,1,0,0,1,-1.0,0.9706476926803588,0.0,0.0,1.0,-1.0
2017-12-18,1,0,0,1,-1.0,0.9471040964126588,0.0,0.0,1.0,-1.0
2017-12-19,1,0,0,1,-1.0,0.9703777432441713,0.0,0.0,1.0,-1.0
2017-12-20,1,0,0,1,-1.0,0.9628761410713196,0.0,0.0,1.0,-1.0
2017-12-21,1,0,0,1,-1.0,0.9704289436340332,0.0,0.0,1.0,-1.0
2017-12-24,1,0,1,0,0.0,0.7888994812965393,0.0,1.0,0.0,0.0
2017-12-25,1,0,1,0,0.0,0.8721168637275696,0.0,1.0,0.0,0.0
2017-12-26,1,0,0,1,-1.0,0.9731130599975586,0.0,0.0,1.0,-1.0
2017-12-27,1,0,0,1,-1.0,0.9529065489768982,0.0,0.0,1.0,-1.0
2017-12-28,1,0,0,1,-1.0,0.9732049107551576,0.0,0.0,1.0,-1.0
2017-12-31,1,0,0,1,-1.0,0.9680864810943604,0.0,0.0,1.0,-1.0
2018-01-01,2,1,1,0,0.5,0.8565116226673126,0.5,0.5,0.0,0.5
2018-01-02,1,1,0,0,1.0,0.941946029663086,1.0,0.0,0.0,1.0
2018-01-03,1,0,0,1,-1.0,0.9522746205329896,0.0,0.0,1.0,-1.0
2018-01-04,1,1,0,0,1.0,0.9461864233016968,1.0,0.0,0.0,1.0
2018-01-07,2,1,1,0,0.5,0.8699315786361694,0.5,0.5,0.0,0.5
2018-01-08,3,1,2,0,0.3333333333333333,0.8713421821594238,0.3333333333333333,0.6666666666666666,0.0,0.3333333333333333
2018-01-09,1,1,0,0,1.0,0.9501630663871764,1.0,0.0,0.0,1.0
2018-01-10,3,0,0,3,-1.0,0.8323139150937399,0.0,0.0,1.0,-1.0
2018-01-14,1,0,0,1,-1.0,0.4306707680225372,0.0,0.0,1.0,-1.0
2018-01-16,1,0,0,1,-1.0,0.8469359874725342,0.0,0.0,1.0,-1.0
2018-01-18,2,0,2,0,0.0,0.9348057806491852,0.0,1.0,0.0,0.0
2018-01-21,1,0,0,1,-1.0,0.9594525694847108,0.0,0.0,1.0,-1.0
2018-01-23,1,0,0,1,-1.0,0.8707533478736877,0.0,0.0,1.0,-1.0
2018-01-25,2,0,1,1,-0.5,0.6811591237783432,0.0,0.5,0.5,-0.5
2018-01-26,1,0,0,1,-1.0,0.9238170385360718,0.0,0.0,1.0,-1.0
2018-01-30,1,0,1,0,0.0,0.9333885908126832,0.0,1.0,0.0,0.0
2018-02-01,1,1,0,0,1.0,0.8970443606376648,1.0,0.0,0.0,1.0
2018-02-02,1,1,0,0,1.0,0.9284456968307496,1.0,0.0,0.0,1.0
2018-02-07,1,0,0,1,-1.0,0.9599654078483582,0.0,0.0,1.0,-1.0
2018-02-08,1,1,0,0,1.0,0.9063043594360352,1.0,0.0,0.0,1.0
2018-02-09,1,0,0,1,-1.0,0.9502195715904236,0.0,0.0,1.0,-1.0
2018-02-11,2,0,0,2,-1.0,0.9332158863544464,0.0,0.0,1.0,-1.0
2018-02-12,1,0,0,1,-1.0,0.957002341747284,0.0,0.0,1.0,-1.0
2018-02-15,4,1,3,0,0.25,0.9319784194231033,0.25,0.75,0.0,0.25
2018-02-17,1,1,0,0,1.0,0.91114604473114,1.0,0.0,0.0,1.0
2018-02-18,1,0,0,1,-1.0,0.9270231127738952,0.0,0.0,1.0,-1.0
2018-02-26,2,0,1,1,-0.5,0.8186176419258118,0.0,0.5,0.5,-0.5
2018-02-27,1,0,0,1,-1.0,0.7514175772666931,0.0,0.0,1.0,-1.0
2018-03-02,2,0,1,1,-0.5,0.7364868819713593,0.0,0.5,0.5,-0.5
2018-03-06,2,0,2,0,0.0,0.8747420907020569,0.0,1.0,0.0,0.0
2018-03-07,1,1,0,0,1.0,0.7115002274513245,1.0,0.0,0.0,1.0
2018-03-12,2,0,2,0,0.0,0.9262541830539703,0.0,1.0,0.0,0.0
2018-03-14,3,0,2,1,-0.3333333333333333,0.830139676729838,0.0,0.6666666666666666,0.3333333333333333,-0.3333333333333333
2018-03-15,2,1,1,0,0.5,0.5057798475027084,0.5,0.5,0.0,0.5
2018-03-16,2,0,0,2,-1.0,0.5634373724460602,0.0,0.0,1.0,-1.0
2018-03-18,1,0,0,1,-1.0,0.957787036895752,0.0,0.0,1.0,-1.0
2018-03-19,3,0,0,3,-1.0,0.9462610085805258,0.0,0.0,1.0,-1.0
2018-03-20,2,1,0,1,0.0,0.9419665932655334,0.5,0.0,0.5,0.0
2018-03-21,2,0,1,1,-0.5,0.9495335817337036,0.0,0.5,0.5,-0.5
2018-03-22,1,0,1,0,0.0,0.4538136422634125,0.0,1.0,0.0,0.0
2018-03-23,3,1,2,0,0.3333333333333333,0.796880304813385,0.3333333333333333,0.6666666666666666,0.0,0.3333333333333333
2018-03-25,1,0,1,0,0.0,0.9142491221427916,0.0,1.0,0.0,0.0
2018-03-26,3,0,1,2,-0.6666666666666666,0.9346775412559509,0.0,0.3333333333333333,0.6666666666666666,-0.6666666666666666
2018-03-27,3,1,2,0,0.3333333333333333,0.9201375047365824,0.3333333333333333,0.6666666666666666,0.0,0.3333333333333333
2018-03-28,2,0,1,1,-0.5,0.7859280407428741,0.0,0.5,0.5,-0.5
2018-03-29,2,1,1,0,0.5,0.9429800510406494,0.5,0.5,0.0,0.5
2018-04-01,1,0,0,1,-1.0,0.9667252898216248,0.0,0.0,1.0,-1.0
2018-04-02,1,0,0,1,-1.0,0.9672279953956604,0.0,0.0,1.0,-1.0
2018-04-04,1,1,0,0,1.0,0.930188238620758,1.0,0.0,0.0,1.0
2018-04-05,4,2,2,0,0.5,0.924173891544342,0.5,0.5,0.0,0.5
2018-04-09,2,0,1,1,-0.5,0.9197631478309631,0.0,0.5,0.5,-0.5
2018-04-10,1,0,0,1,-1.0,0.9647812247276306,0.0,0.0,1.0,-1.0
2018-04-11,1,1,0,0,1.0,0.7031577229499817,1.0,0.0,0.0,1.0
2018-04-12,1,0,0,1,-1.0,0.9200320839881896,0.0,0.0,1.0,-1.0
2018-04-15,1,0,0,1,-1.0,0.775297224521637,0.0,0.0,1.0,-1.0
2018-04-16,2,1,1,0,0.5,0.8552832007408142,0.5,0.5,0.0,0.5
2018-04-17,2,1,1,0,0.5,0.8355703353881836,0.5,0.5,0.0,0.5
2018-04-18,1,0,0,1,-1.0,0.7469313144683838,0.0,0.0,1.0,-1.0
2018-04-19,2,1,1,0,0.5,0.8859350383281708,0.5,0.5,0.0,0.5
2018-04-20,1,0,1,0,0.0,0.883857250213623,0.0,1.0,0.0,0.0
2018-04-22,1,1,0,0,1.0,0.93830668926239,1.0,0.0,0.0,1.0
2018-04-24,2,0,2,0,0.0,0.923540472984314,0.0,1.0,0.0,0.0
2018-05-02,1,1,0,0,1.0,0.5899595022201538,1.0,0.0,0.0,1.0
2018-05-03,1,1,0,0,1.0,0.8306605815887451,1.0,0.0,0.0,1.0
2018-05-06,1,0,0,1,-1.0,0.9533722400665284,0.0,0.0,1.0,-1.0
2018-05-07,1,0,0,1,-1.0,0.938362956047058,0.0,0.0,1.0,-1.0
2018-05-09,1,0,1,0,0.0,0.95067298412323,0.0,1.0,0.0,0.0
2018-05-18,1,0,1,0,0.0,0.944793701171875,0.0,1.0,0.0,0.0
2018-05-27,1,0,1,0,0.0,0.925498902797699,0.0,1.0,0.0,0.0
2018-05-30,1,0,0,1,-1.0,0.9651687741279602,0.0,0.0,1.0,-1.0
2018-05-31,1,0,0,1,-1.0,0.9692817330360411,0.0,0.0,1.0,-1.0
2018-06-03,3,0,1,2,-0.6666666666666666,0.8650804360707601,0.0,0.3333333333333333,0.6666666666666666,-0.6666666666666666
2018-06-04,2,0,1,1,-0.5,0.7722724676132202,0.0,0.5,0.5,-0.5
2018-06-05,2,0,0,2,-1.0,0.6943638622760773,0.0,0.0,1.0,-1.0
2018-06-06,3,0,2,1,-0.3333333333333333,0.6643495957056681,0.0,0.6666666666666666,0.3333333333333333,-0.3333333333333333
2018-06-07,1,0,0,1,-1.0,0.9461132287979126,0.0,0.0,1.0,-1.0
2018-06-10,2,0,1,1,-0.5,0.8721550703048706,0.0,0.5,0.5,-0.5
2018-06-12,1,0,1,0,0.0,0.9468405842781068,0.0,1.0,0.0,0.0
2018-06-13,2,0,1,1,-0.5,0.930343359708786,0.0,0.5,0.5,-0.5
2018-06-15,1,0,1,0,0.0,0.757597804069519,0.0,1.0,0.0,0.0
2018-06-17,1,0,0,1,-1.0,0.9588340520858764,0.0,0.0,1.0,-1.0
2018-06-19,2,0,1,1,-0.5,0.9443314373493195,0.0,0.5,0.5,-0.5
2018-06-21,1,0,1,0,0.0,0.9492254257202148,0.0,1.0,0.0,0.0
2018-06-22,2,0,2,0,0.0,0.8725088238716125,0.0,1.0,0.0,0.0
2018-06-25,1,0,0,1,-1.0,0.9313262104988098,0.0,0.0,1.0,-1.0
2018-06-29,1,0,1,0,0.0,0.9491910934448242,0.0,1.0,0.0,0.0
2018-07-03,1,0,0,1,-1.0,0.8200984001159668,0.0,0.0,1.0,-1.0
2018-07-08,2,0,1,1,-0.5,0.7898796498775482,0.0,0.5,0.5,-0.5
2018-07-09,2,0,2,0,0.0,0.8533951938152313,0.0,1.0,0.0,0.0
2018-07-10,1,0,0,1,-1.0,0.8835867047309875,0.0,0.0,1.0,-1.0
2018-07-11,1,0,0,1,-1.0,0.9334022998809814,0.0,0.0,1.0,-1.0
2018-07-12,1,0,0,1,-1.0,0.9605945348739624,0.0,0.0,1.0,-1.0
2018-07-15,1,1,0,0,1.0,0.7407419681549072,1.0,0.0,0.0,1.0
2018-07-16,1,1,0,0,1.0,0.927642822265625,1.0,0.0,0.0,1.0
2018-07-17,3,0,2,1,-0.3333333333333333,0.9440444906552633,0.0,0.6666666666666666,0.3333333333333333,-0.3333333333333333
2018-07-18,2,0,0,2,-1.0,0.9641382098197938,0.0,0.0,1.0,-1.0
2018-07-19,1,0,0,1,-1.0,0.916787564754486,0.0,0.0,1.0,-1.0
2018-07-20,1,0,1,0,0.0,0.8050899505615234,0.0,1.0,0.0,0.0
2018-07-22,2,0,1,1,-0.5,0.9305412173271179,0.0,0.5,0.5,-0.5
2018-07-23,1,1,0,0,1.0,0.684806227684021,1.0,0.0,0.0,1.0
2018-07-24,1,1,0,0,1.0,0.5875532627105713,1.0,0.0,0.0,1.0
2018-07-25,1,0,0,1,-1.0,0.918146014213562,0.0,0.0,1.0,-1.0
2018-07-26,1,0,0,1,-1.0,0.94203382730484,0.0,0.0,1.0,-1.0
2018-07-27,1,0,0,1,-1.0,0.9102131128311156,0.0,0.0,1.0,-1.0
2018-07-29,1,1,0,0,1.0,0.8961533308029175,1.0,0.0,0.0,1.0
2018-07-30,1,1,0,0,1.0,0.6916016936302185,1.0,0.0,0.0,1.0
2018-07-31,1,1,0,0,1.0,0.6147964596748352,1.0,0.0,0.0,1.0
2018-08-01,1,1,0,0,1.0,0.8803603649139404,1.0,0.0,0.0,1.0
2018-08-02,1,0,0,1,-1.0,0.945516049861908,0.0,0.0,1.0,-1.0
2018-08-03,1,0,1,0,0.0,0.9348725080490112,0.0,1.0,0.0,0.0
2018-08-05,1,0,0,1,-1.0,0.5702605247497559,0.0,0.0,1.0,-1.0
2018-08-06,1,0,0,1,-1.0,0.5464657545089722,0.0,0.0,1.0,-1.0
2018-08-07,1,1,0,0,1.0,0.4860641062259674,1.0,0.0,0.0,1.0
2018-08-09,1,0,0,1,-1.0,0.9558939337730408,0.0,0.0,1.0,-1.0
2018-08-12,1,0,0,1,-1.0,0.972015917301178,0.0,0.0,1.0,-1.0
2018-08-13,1,1,0,0,1.0,0.586994469165802,1.0,0.0,0.0,1.0
2018-08-15,1,1,0,0,1.0,0.6936742067337036,1.0,0.0,0.0,1.0
2018-08-16,1,1,0,0,1.0,0.9020328521728516,1.0,0.0,0.0,1.0
2018-08-19,1,0,0,1,-1.0,0.9642673134803772,0.0,0.0,1.0,-1.0
2018-08-20,1,0,0,1,-1.0,0.9678048491477966,0.0,0.0,1.0,-1.0
2018-08-21,1,0,0,1,-1.0,0.9118770956993104,0.0,0.0,1.0,-1.0
2018-08-22,1,0,0,1,-1.0,0.9626196026802064,0.0,0.0,1.0,-1.0
2018-08-23,1,0,0,1,-1.0,0.9703115224838256,0.0,0.0,1.0,-1.0
2018-08-26,1,0,0,1,-1.0,0.9326753616333008,0.0,0.0,1.0,-1.0
2018-08-28,1,0,0,1,-1.0,0.5170280933380127,0.0,0.0,1.0,-1.0
2018-08-29,1,0,0,1,-1.0,0.9590442776679992,0.0,0.0,1.0,-1.0
2018-08-30,1,1,0,0,1.0,0.6577469706535339,1.0,0.0,0.0,1.0
2018-09-02,1,1,0,0,1.0,0.7082032561302185,1.0,0.0,0.0,1.0
2018-09-03,1,1,0,0,1.0,0.8595091104507446,1.0,0.0,0.0,1.0
2018-09-04,1,1,0,0,1.0,0.6252574920654297,1.0,0.0,0.0,1.0
2018-09-05,1,0,1,0,0.0,0.7591738104820251,0.0,1.0,0.0,0.0
2018-09-06,1,0,0,1,-1.0,0.7605510950088501,0.0,0.0,1.0,-1.0
2018-09-09,1,0,0,1,-1.0,0.924172580242157,0.0,0.0,1.0,-1.0
2018-09-10,1,0,0,1,-1.0,0.9517184495925904,0.0,0.0,1.0,-1.0
2018-09-11,1,1,0,0,1.0,0.8958194255828857,1.0,0.0,0.0,1.0
2018-09-12,1,1,0,0,1.0,0.6754398345947266,1.0,0.0,0.0,1.0
2018-09-13,1,0,1,0,0.0,0.6445496678352356,0.0,1.0,0.0,0.0
2018-09-16,1,0,1,0,0.0,0.4519917964935303,0.0,1.0,0.0,0.0
2018-09-17,1,0,0,1,-1.0,0.6622169017791748,0.0,0.0,1.0,-1.0
2018-09-18,2,1,0,1,0.0,0.6221055388450623,0.5,0.0,0.5,0.0
2018-09-20,1,0,0,1,-1.0,0.9542792439460754,0.0,0.0,1.0,-1.0
2018-09-23,1,0,0,1,-1.0,0.6758232116699219,0.0,0.0,1.0,-1.0
2018-09-25,1,0,1,0,0.0,0.545722484588623,0.0,1.0,0.0,0.0
2018-09-26,1,0,0,1,-1.0,0.9522833824157716,0.0,0.0,1.0,-1.0
2018-09-27,1,0,0,1,-1.0,0.9513468146324158,0.0,0.0,1.0,-1.0
2018-09-28,1,0,0,1,-1.0,0.913899838924408,0.0,0.0,1.0,-1.0
2018-09-30,1,0,0,1,-1.0,0.9041501879692078,0.0,0.0,1.0,-1.0
2018-10-01,1,0,0,1,-1.0,0.935260534286499,0.0,0.0,1.0,-1.0
2018-10-02,1,1,0,0,1.0,0.4495655298233032,1.0,0.0,0.0,1.0
2018-10-03,1,0,0,1,-1.0,0.9288927316665648,0.0,0.0,1.0,-1.0
2018-10-04,1,0,0,1,-1.0,0.9182936549186708,0.0,0.0,1.0,-1.0
2018-10-07,1,0,0,1,-1.0,0.892349123954773,0.0,0.0,1.0,-1.0
2018-10-08,1,0,1,0,0.0,0.4988687634468078,0.0,1.0,0.0,0.0
2018-10-10,2,0,1,1,-0.5,0.7501661479473114,0.0,0.5,0.5,-0.5
2018-10-11,1,0,0,1,-1.0,0.6423982977867126,0.0,0.0,1.0,-1.0
2018-10-14,2,0,1,1,-0.5,0.659166231751442,0.0,0.5,0.5,-0.5
2018-10-15,1,0,0,1,-1.0,0.6089468598365784,0.0,0.0,1.0,-1.0
2018-10-21,3,1,1,1,0.0,0.7979620893796285,0.3333333333333333,0.3333333333333333,0.3333333333333333,0.0
2018-10-22,1,0,0,1,-1.0,0.938809335231781,0.0,0.0,1.0,-1.0
2018-10-23,2,0,1,1,-0.5,0.917661190032959,0.0,0.5,0.5,-0.5
2018-10-24,1,1,0,0,1.0,0.6721782684326172,1.0,0.0,0.0,1.0
2018-10-25,1,0,0,1,-1.0,0.8314365744590759,0.0,0.0,1.0,-1.0
2018-10-28,1,0,0,1,-1.0,0.9540513157844543,0.0,0.0,1.0,-1.0
2018-10-29,1,0,0,1,-1.0,0.8838595747947693,0.0,0.0,1.0,-1.0
2018-10-30,1,0,0,1,-1.0,0.5742413401603699,0.0,0.0,1.0,-1.0
2018-10-31,1,0,0,1,-1.0,0.6458398699760437,0.0,0.0,1.0,-1.0
2018-11-01,1,0,0,1,-1.0,0.8751397132873535,0.0,0.0,1.0,-1.0
2018-11-02,1,0,1,0,0.0,0.9490402936935424,0.0,1.0,0.0,0.0
2018-11-04,1,0,0,1,-1.0,0.9218319654464722,0.0,0.0,1.0,-1.0
2018-11-05,2,0,2,0,0.0,0.8126440644264221,0.0,1.0,0.0,0.0
2018-11-11,1,0,0,1,-1.0,0.9559266567230223,0.0,0.0,1.0,-1.0
2018-11-12,1,0,0,1,-1.0,0.8595160245895386,0.0,0.0,1.0,-1.0
2018-11-13,1,1,0,0,1.0,0.5314502716064453,1.0,0.0,0.0,1.0
2018-11-14,1,0,1,0,0.0,0.7455925345420837,0.0,1.0,0.0,0.0
2018-11-15,1,0,0,1,-1.0,0.8832708597183228,0.0,0.0,1.0,-1.0
2018-11-18,1,0,0,1,-1.0,0.9417007565498352,0.0,0.0,1.0,-1.0
2018-11-19,2,0,0,2,-1.0,0.7813284993171692,0.0,0.0,1.0,-1.0
2018-11-20,1,0,0,1,-1.0,0.9298536777496338,0.0,0.0,1.0,-1.0
2018-11-21,2,0,1,1,-0.5,0.7123901546001434,0.0,0.5,0.5,-0.5
2018-11-22,2,0,1,1,-0.5,0.8442906737327576,0.0,0.5,0.5,-0.5
2018-11-23,1,0,0,1,-1.0,0.8240878582000732,0.0,0.0,1.0,-1.0
2018-11-25,2,1,0,1,0.0,0.929358035326004,0.5,0.0,0.5,0.0
2018-11-26,1,0,0,1,-1.0,0.8953112363815308,0.0,0.0,1.0,-1.0
2018-11-27,1,0,0,1,-1.0,0.5375497341156006,0.0,0.0,1.0,-1.0
2018-11-28,1,0,0,1,-1.0,0.9248747229576112,0.0,0.0,1.0,-1.0
2018-11-29,1,0,0,1,-1.0,0.9628201127052308,0.0,0.0,1.0,-1.0
2018-11-30,1,0,1,0,0.0,0.9496567845344543,0.0,1.0,0.0,0.0
2018-12-02,1,0,0,1,-1.0,0.9608888030052184,0.0,0.0,1.0,-1.0
2018-12-03,2,0,0,2,-1.0,0.850756049156189,0.0,0.0,1.0,-1.0
2018-12-04,1,1,0,0,1.0,0.8976584076881409,1.0,0.0,0.0,1.0
2018-12-05,1,0,0,1,-1.0,0.965209424495697,0.0,0.0,1.0,-1.0
2018-12-06,1,0,0,1,-1.0,0.4142481684684753,0.0,0.0,1.0,-1.0
2018-12-07,1,0,1,0,0.0,0.911636769771576,0.0,1.0,0.0,0.0
2018-12-09,3,0,2,1,-0.3333333333333333,0.8269110520680746,0.0,0.6666666666666666,0.3333333333333333,-0.3333333333333333
2018-12-10,1,1,0,0,1.0,0.6831212639808655,1.0,0.0,0.0,1.0
2018-12-11,2,0,1,1,-0.5,0.9460230469703674,0.0,0.5,0.5,-0.5
2018-12-12,1,0,0,1,-1.0,0.7350656390190125,0.0,0.0,1.0,-1.0
2018-12-13,1,0,0,1,-1.0,0.6460291743278503,0.0,0.0,1.0,-1.0
2018-12-16,1,1,0,0,1.0,0.7506704330444336,1.0,0.0,0.0,1.0
2018-12-17,2,0,1,1,-0.5,0.662819892168045,0.0,0.5,0.5,-0.5
2018-12-18,1,0,0,1,-1.0,0.911341428756714,0.0,0.0,1.0,-1.0
2018-12-19,2,0,1,1,-0.5,0.9252928793430328,0.0,0.5,0.5,-0.5
2018-12-20,1,0,0,1,-1.0,0.8400252461433411,0.0,0.0,1.0,-1.0
2018-12-23,2,0,1,1,-0.5,0.7846888601779938,0.0,0.5,0.5,-0.5
2018-12-24,1,0,0,1,-1.0,0.9297071099281312,0.0,0.0,1.0,-1.0
2018-12-25,3,0,2,1,-0.3333333333333333,0.9107692639032999,0.0,0.6666666666666666,0.3333333333333333,-0.3333333333333333
2018-12-26,3,1,2,0,0.3333333333333333,0.8361738125483195,0.3333333333333333,0.6666666666666666,0.0,0.3333333333333333
2018-12-27,1,0,0,1,-1.0,0.8539115190505981,0.0,0.0,1.0,-1.0
2018-12-31,1,0,0,1,-1.0,0.8981404304504395,0.0,0.0,1.0,-1.0
2019-01-02,1,0,0,1,-1.0,0.954526424407959,0.0,0.0,1.0,-1.0
2019-01-03,1,0,0,1,-1.0,0.9230351448059082,0.0,0.0,1.0,-1.0
2019-01-06,1,0,0,1,-1.0,0.9578381776809692,0.0,0.0,1.0,-1.0
2019-01-07,2,1,1,0,0.5,0.7749693095684052,0.5,0.5,0.0,0.5
2019-01-08,2,0,1,1,-0.5,0.7708673477172852,0.0,0.5,0.5,-0.5
2019-01-09,1,1,0,0,1.0,0.800689697265625,1.0,0.0,0.0,1.0
2019-01-10,1,1,0,0,1.0,0.6911091208457947,1.0,0.0,0.0,1.0
2019-01-13,6,0,4,2,-0.3333333333333333,0.9240525464216868,0.0,0.6666666666666666,0.3333333333333333,-0.3333333333333333
2019-01-14,1,0,0,1,-1.0,0.4886290729045868,0.0,0.0,1.0,-1.0
2019-01-15,2,0,2,0,0.0,0.8359512090682983,0.0,1.0,0.0,0.0
2019-01-16,1,0,0,1,-1.0,0.946231722831726,0.0,0.0,1.0,-1.0
2019-01-17,1,0,0,1,-1.0,0.9640071392059326,0.0,0.0,1.0,-1.0
2019-01-20,1,0,0,1,-1.0,0.9153664112091064,0.0,0.0,1.0,-1.0
2019-01-21,1,0,0,1,-1.0,0.9537681341171264,0.0,0.0,1.0,-1.0
2019-01-22,1,1,0,0,1.0,0.4185842871665954,1.0,0.0,0.0,1.0
2019-01-23,1,0,1,0,0.0,0.4482952356338501,0.0,1.0,0.0,0.0
2019-01-24,1,0,0,1,-1.0,0.9488877654075624,0.0,0.0,1.0,-1.0
2019-01-27,1,0,0,1,-1.0,0.9039567112922668,0.0,0.0,1.0,-1.0
2019-01-28,1,0,0,1,-1.0,0.6160020232200623,0.0,0.0,1.0,-1.0
2019-01-29,1,0,0,1,-1.0,0.9458903670310974,0.0,0.0,1.0,-1.0
2019-01-30,1,0,0,1,-1.0,0.893907368183136,0.0,0.0,1.0,-1.0
2019-02-03,1,0,0,1,-1.0,0.9067519307136536,0.0,0.0,1.0,-1.0
2019-02-04,2,0,1,1,-0.5,0.8821196556091309,0.0,0.5,0.5,-0.5
2019-02-05,2,0,2,0,0.0,0.8443652093410492,0.0,1.0,0.0,0.0
2019-02-06,3,0,2,1,-0.3333333333333333,0.9344751437505087,0.0,0.6666666666666666,0.3333333333333333,-0.3333333333333333
2019-02-07,2,0,1,1,-0.5,0.9163827300071716,0.0,0.5,0.5,-0.5
2019-02-10,2,0,1,1,-0.5,0.9054102003574371,0.0,0.5,0.5,-0.5
2019-02-11,1,1,0,0,1.0,0.6710216999053955,1.0,0.0,0.0,1.0
2019-02-12,2,0,1,1,-0.5,0.9036193490028381,0.0,0.5,0.5,-0.5
2019-02-13,2,0,1,1,-0.5,0.9304180443286896,0.0,0.5,0.5,-0.5
2019-02-14,2,0,1,1,-0.5,0.9481297135353088,0.0,0.5,0.5,-0.5
2019-02-15,1,0,1,0,0.0,0.8966889977455139,0.0,1.0,0.0,0.0
2019-02-17,1,0,0,1,-1.0,0.911820352077484,0.0,0.0,1.0,-1.0
2019-02-18,2,0,1,1,-0.5,0.8895076513290405,0.0,0.5,0.5,-0.5
2019-02-19,1,1,0,0,1.0,0.8470255136489868,1.0,0.0,0.0,1.0
2019-02-20,3,0,2,1,-0.3333333333333333,0.9032526612281799,0.0,0.6666666666666666,0.3333333333333333,-0.3333333333333333
2019-02-21,2,0,2,0,0.0,0.720532238483429,0.0,1.0,0.0,0.0
2019-02-22,1,0,1,0,0.0,0.4958936870098114,0.0,1.0,0.0,0.0
2019-02-26,1,0,0,1,-1.0,0.8471695184707642,0.0,0.0,1.0,-1.0
2019-03-05,2,1,1,0,0.5,0.6974431723356247,0.5,0.5,0.0,0.5
2019-03-06,1,0,1,0,0.0,0.4959058761596679,0.0,1.0,0.0,0.0
2019-03-07,2,1,1,0,0.5,0.7558002471923828,0.5,0.5,0.0,0.5
2019-03-10,5,1,1,3,-0.4,0.7910565614700318,0.2,0.2,0.6,-0.4
2019-03-11,1,1,0,0,1.0,0.4157000780105591,1.0,0.0,0.0,1.0
2019-03-12,2,1,1,0,0.5,0.9131826162338257,0.5,0.5,0.0,0.5
2019-03-14,2,0,2,0,0.0,0.7241714298725128,0.0,1.0,0.0,0.0
2019-03-17,2,0,1,1,-0.5,0.4992518573999405,0.0,0.5,0.5,-0.5
2019-03-18,3,0,2,1,-0.3333333333333333,0.8713182608286539,0.0,0.6666666666666666,0.3333333333333333,-0.3333333333333333
2019-03-19,3,0,2,1,-0.3333333333333333,0.9033566315968832,0.0,0.6666666666666666,0.3333333333333333,-0.3333333333333333
2019-03-21,3,0,2,1,-0.3333333333333333,0.8412808775901794,0.0,0.6666666666666666,0.3333333333333333,-0.3333333333333333
2019-03-22,2,0,2,0,0.0,0.9283845722675323,0.0,1.0,0.0,0.0
2019-03-24,2,0,0,2,-1.0,0.8824975490570068,0.0,0.0,1.0,-1.0
2019-03-25,1,0,0,1,-1.0,0.9181830883026124,0.0,0.0,1.0,-1.0
2019-03-26,3,1,1,1,0.0,0.7097888787587484,0.3333333333333333,0.3333333333333333,0.3333333333333333,0.0
2019-03-27,3,0,2,1,-0.3333333333333333,0.8086225390434265,0.0,0.6666666666666666,0.3333333333333333,-0.3333333333333333
2019-03-28,2,0,2,0,0.0,0.66720150411129,0.0,1.0,0.0,0.0
2019-03-29,1,0,1,0,0.0,0.9504064917564392,0.0,1.0,0.0,0.0
2019-03-31,4,0,3,1,-0.25,0.9307564496994019,0.0,0.75,0.25,-0.25
2019-04-02,3,1,2,0,0.3333333333333333,0.7513207097848257,0.3333333333333333,0.6666666666666666,0.0,0.3333333333333333
2019-04-03,4,0,3,1,-0.25,0.9252163022756577,0.0,0.75,0.25,-0.25
2019-04-04,1,0,0,1,-1.0,0.8794108033180237,0.0,0.0,1.0,-1.0
2019-04-07,1,1,0,0,1.0,0.4160602390766144,1.0,0.0,0.0,1.0
2019-04-08,2,0,2,0,0.0,0.6633492559194565,0.0,1.0,0.0,0.0
2019-04-09,3,0,2,1,-0.3333333333333333,0.9366704225540161,0.0,0.6666666666666666,0.3333333333333333,-0.3333333333333333
2019-04-10,2,1,1,0,0.5,0.739710658788681,0.5,0.5,0.0,0.5
2019-04-11,1,0,1,0,0.0,0.8633654713630676,0.0,1.0,0.0,0.0
2019-04-16,2,1,1,0,0.5,0.7266699075698853,0.5,0.5,0.0,0.5
2019-04-17,5,0,5,0,0.0,0.8366288602352142,0.0,1.0,0.0,0.0
2019-04-18,2,1,1,0,0.5,0.73135706782341,0.5,0.5,0.0,0.5
2019-04-21,1,1,0,0,1.0,0.9099785089492798,1.0,0.0,0.0,1.0
2019-04-22,2,0,2,0,0.0,0.7410340011119843,0.0,1.0,0.0,0.0
2019-04-23,1,1,0,0,1.0,0.7147088646888733,1.0,0.0,0.0,1.0
2019-04-24,1,1,0,0,1.0,0.6799737811088562,1.0,0.0,0.0,1.0
2019-04-25,2,1,1,0,0.5,0.7899087369441986,0.5,0.5,0.0,0.5
2019-04-28,2,1,1,0,0.5,0.7394428253173828,0.5,0.5,0.0,0.5
2019-04-29,1,0,0,1,-1.0,0.8340504169464111,0.0,0.0,1.0,-1.0
2019-04-30,1,0,0,1,-1.0,0.8256286382675171,0.0,0.0,1.0,-1.0
2019-05-02,2,0,1,1,-0.5,0.8082258105278015,0.0,0.5,0.5,-0.5
2019-05-05,3,1,1,1,0.0,0.8117297093073527,0.3333333333333333,0.3333333333333333,0.3333333333333333,0.0
2019-05-06,1,1,0,0,1.0,0.5906155705451965,1.0,0.0,0.0,1.0
2019-05-08,1,0,1,0,0.0,0.9223209619522096,0.0,1.0,0.0,0.0
2019-05-09,1,0,1,0,0.0,0.9421901106834412,0.0,1.0,0.0,0.0
2019-05-12,3,1,2,0,0.3333333333333333,0.7809509038925171,0.3333333333333333,0.6666666666666666,0.0,0.3333333333333333
2019-05-13,2,0,2,0,0.0,0.812865138053894,0.0,1.0,0.0,0.0
2019-05-14,1,0,1,0,0.0,0.6643697619438171,0.0,1.0,0.0,0.0
2019-05-16,3,0,1,2,-0.6666666666666666,0.7355738679567972,0.0,0.3333333333333333,0.6666666666666666,-0.6666666666666666
2019-05-19,2,0,1,1,-0.5,0.8371725976467133,0.0,0.5,0.5,-0.5
2019-05-20,3,0,1,2,-0.6666666666666666,0.8222365379333496,0.0,0.3333333333333333,0.6666666666666666,-0.6666666666666666
2019-05-21,2,0,1,1,-0.5,0.9108463227748871,0.0,0.5,0.5,-0.5
2019-05-22,1,1,0,0,1.0,0.4181030988693237,1.0,0.0,0.0,1.0
2019-05-23,1,0,0,1,-1.0,0.612040638923645,0.0,0.0,1.0,-1.0
2019-05-26,2,0,1,1,-0.5,0.7458126842975616,0.0,0.5,0.5,-0.5
2019-05-27,3,1,2,0,0.3333333333333333,0.7963578303654989,0.3333333333333333,0.6666666666666666,0.0,0.3333333333333333
2019-05-28,4,1,3,0,0.25,0.6572373658418655,0.25,0.75,0.0,0.25
2019-05-29,1,0,1,0,0.0,0.6801207661628723,0.0,1.0,0.0,0.0
2019-05-30,1,0,1,0,0.0,0.4020426273345947,0.0,1.0,0.0,0.0
2019-06-02,4,0,3,1,-0.25,0.9325567036867142,0.0,0.75,0.25,-0.25
2019-06-03,1,0,0,1,-1.0,0.9405369758605956,0.0,0.0,1.0,-1.0
2019-06-04,2,0,1,1,-0.5,0.9322074055671692,0.0,0.5,0.5,-0.5
2019-06-06,3,0,0,3,-1.0,0.7789879043896993,0.0,0.0,1.0,-1.0
2019-06-07,2,0,2,0,0.0,0.9521057307720184,0.0,1.0,0.0,0.0
2019-06-10,6,0,4,2,-0.3333333333333333,0.9230311711629232,0.0,0.6666666666666666,0.3333333333333333,-0.3333333333333333
2019-06-11,5,0,5,0,0.0,0.917200756072998,0.0,1.0,0.0,0.0
2019-06-12,1,0,0,1,-1.0,0.9041065573692322,0.0,0.0,1.0,-1.0
2019-06-13,1,0,0,1,-1.0,0.9439706206321716,0.0,0.0,1.0,-1.0
2019-06-14,1,0,1,0,0.0,0.9198916554450988,0.0,1.0,0.0,0.0
2019-06-16,1,0,0,1,-1.0,0.9386001229286194,0.0,0.0,1.0,-1.0
2019-06-17,3,0,2,1,-0.3333333333333333,0.8131871223449707,0.0,0.6666666666666666,0.3333333333333333,-0.3333333333333333
2019-06-18,3,0,2,1,-0.3333333333333333,0.899563709894816,0.0,0.6666666666666666,0.3333333333333333,-0.3333333333333333
2019-06-19,2,0,0,2,-1.0,0.6510889530181885,0.0,0.0,1.0,-1.0
2019-06-20,1,0,1,0,0.0,0.8368380069732666,0.0,1.0,0.0,0.0
2019-06-23,4,0,3,1,-0.25,0.8203966021537781,0.0,0.75,0.25,-0.25
2019-06-24,3,0,3,0,0.0,0.7888480623563131,0.0,1.0,0.0,0.0
2019-06-26,1,0,0,1,-1.0,0.8472832441329956,0.0,0.0,1.0,-1.0
2019-06-27,2,0,1,1,-0.5,0.6170584708452225,0.0,0.5,0.5,-0.5
2019-06-28,1,0,0,1,-1.0,0.9568077325820924,0.0,0.0,1.0,-1.0
2019-06-30,3,0,2,1,-0.3333333333333333,0.9160215059916178,0.0,0.6666666666666666,0.3333333333333333,-0.3333333333333333
2019-07-01,2,0,1,1,-0.5,0.8752411305904388,0.0,0.5,0.5,-0.5
2019-07-02,4,0,4,0,0.0,0.7910542190074921,0.0,1.0,0.0,0.0
2019-07-07,3,0,3,0,0.0,0.8537534276644388,0.0,1.0,0.0,0.0
2019-07-08,4,0,3,1,-0.25,0.9127611368894577,0.0,0.75,0.25,-0.25
2019-07-09,3,0,3,0,0.0,0.7643112738927206,0.0,1.0,0.0,0.0
2019-07-10,1,0,0,1,-1.0,0.7687790393829346,0.0,0.0,1.0,-1.0
2019-07-11,3,0,2,1,-0.3333333333333333,0.9291648268699646,0.0,0.6666666666666666,0.3333333333333333,-0.3333333333333333
2019-07-14,4,0,4,0,0.0,0.8423319607973099,0.0,1.0,0.0,0.0
2019-07-15,1,0,1,0,0.0,0.6155967116355896,0.0,1.0,0.0,0.0
2019-07-16,3,0,3,0,0.0,0.8305798172950745,0.0,1.0,0.0,0.0
2019-07-17,2,0,2,0,0.0,0.7511158585548401,0.0,1.0,0.0,0.0
2019-07-18,2,1,0,1,0.0,0.8090160191059113,0.5,0.0,0.5,0.0
2019-07-19,2,0,2,0,0.0,0.9471229910850525,0.0,1.0,0.0,0.0
2019-07-21,1,0,0,1,-1.0,0.5303153395652771,0.0,0.0,1.0,-1.0
2019-07-22,2,0,2,0,0.0,0.6794881820678711,0.0,1.0,0.0,0.0
2019-07-23,1,0,1,0,0.0,0.608814001083374,0.0,1.0,0.0,0.0
2019-07-24,4,0,3,1,-0.25,0.8080248236656189,0.0,0.75,0.25,-0.25
2019-07-25,1,0,0,1,-1.0,0.8873052597045898,0.0,0.0,1.0,-1.0
2019-07-28,3,0,1,2,-0.6666666666666666,0.8502842982610067,0.0,0.3333333333333333,0.6666666666666666,-0.6666666666666666
2019-07-29,1,1,0,0,1.0,0.4260565638542175,1.0,0.0,0.0,1.0
2019-07-30,2,0,2,0,0.0,0.6723912954330444,0.0,1.0,0.0,0.0
2019-07-31,1,1,0,0,1.0,0.5824140310287476,1.0,0.0,0.0,1.0
2019-08-01,2,0,1,1,-0.5,0.7840405106544495,0.0,0.5,0.5,-0.5
2019-08-02,1,0,1,0,0.0,0.8645221590995789,0.0,1.0,0.0,0.0
2019-08-04,2,0,1,1,-0.5,0.7804760038852692,0.0,0.5,0.5,-0.5
2019-08-05,2,0,1,1,-0.5,0.893900990486145,0.0,0.5,0.5,-0.5
2019-08-06,2,0,1,1,-0.5,0.9441451132297516,0.0,0.5,0.5,-0.5
2019-08-07,2,0,2,0,0.0,0.8079257607460022,0.0,1.0,0.0,0.0
2019-08-08,1,0,0,1,-1.0,0.911325216293335,0.0,0.0,1.0,-1.0
2019-08-11,3,0,1,2,-0.6666666666666666,0.8149391810099283,0.0,0.3333333333333333,0.6666666666666666,-0.6666666666666666
2019-08-12,1,0,1,0,0.0,0.4570192396640777,0.0,1.0,0.0,0.0
2019-08-13,3,0,2,1,-0.3333333333333333,0.862167477607727,0.0,0.6666666666666666,0.3333333333333333,-0.3333333333333333
2019-08-14,2,0,1,1,-0.5,0.936490386724472,0.0,0.5,0.5,-0.5
2019-08-18,2,0,1,1,-0.5,0.9194261133670807,0.0,0.5,0.5,-0.5
2019-08-19,1,0,1,0,0.0,0.5464068651199341,0.0,1.0,0.0,0.0
2019-08-20,2,0,1,1,-0.5,0.7949354648590088,0.0,0.5,0.5,-0.5
2019-08-21,4,0,3,1,-0.25,0.6799720451235771,0.0,0.75,0.25,-0.25
2019-08-22,2,0,0,2,-1.0,0.6278130561113358,0.0,0.0,1.0,-1.0
2019-08-23,2,0,1,1,-0.5,0.9530139267444611,0.0,0.5,0.5,-0.5
2019-08-25,5,1,2,2,-0.2,0.8595266580581665,0.2,0.4,0.4,-0.2
2019-08-26,4,0,3,1,-0.25,0.949396550655365,0.0,0.75,0.25,-0.25
2019-08-27,4,1,3,0,0.25,0.7890917509794235,0.25,0.75,0.0,0.25
2019-08-28,1,0,0,1,-1.0,0.9311444759368896,0.0,0.0,1.0,-1.0
2019-08-29,2,0,1,1,-0.5,0.8810603618621826,0.0,0.5,0.5,-0.5
2019-08-30,3,1,1,1,0.0,0.7788327137629191,0.3333333333333333,0.3333333333333333,0.3333333333333333,0.0
2019-09-01,1,0,0,1,-1.0,0.8094963431358337,0.0,0.0,1.0,-1.0
2019-09-02,3,2,0,1,0.3333333333333333,0.8996719320615133,0.6666666666666666,0.0,0.3333333333333333,0.3333333333333333
2019-09-03,3,1,2,0,0.3333333333333333,0.6577649712562561,0.3333333333333333,0.6666666666666666,0.0,0.3333333333333333
2019-09-04,5,1,4,0,0.2,0.8457978069782257,0.2,0.8,0.0,0.2
2019-09-05,2,0,1,1,-0.5,0.8641372323036194,0.0,0.5,0.5,-0.5
2019-09-06,4,0,4,0,0.0,0.9394426047801971,0.0,1.0,0.0,0.0
2019-09-08,2,0,0,2,-1.0,0.9473229050636292,0.0,0.0,1.0,-1.0
2019-09-09,1,0,0,1,-1.0,0.9280375242233276,0.0,0.0,1.0,-1.0
2019-09-10,1,0,0,1,-1.0,0.8911561369895935,0.0,0.0,1.0,-1.0
2019-09-11,1,0,0,1,-1.0,0.9471762776374816,0.0,0.0,1.0,-1.0
2019-09-12,2,0,1,1,-0.5,0.9575870931148529,0.0,0.5,0.5,-0.5
2019-09-15,1,0,0,1,-1.0,0.95869380235672,0.0,0.0,1.0,-1.0
2019-09-16,2,0,0,2,-1.0,0.8493830859661102,0.0,0.0,1.0,-1.0
2019-09-17,1,0,1,0,0.0,0.7447421550750732,0.0,1.0,0.0,0.0
2019-09-18,1,1,0,0,1.0,0.6468567848205566,1.0,0.0,0.0,1.0
2019-09-19,3,0,2,1,-0.3333333333333333,0.9178395867347717,0.0,0.6666666666666666,0.3333333333333333,-0.3333333333333333
2019-09-22,2,0,0,2,-1.0,0.8107973039150238,0.0,0.0,1.0,-1.0
2019-09-23,2,1,0,1,0.0,0.6582832485437393,0.5,0.0,0.5,0.0
2019-09-24,2,0,1,1,-0.5,0.9525344669818878,0.0,0.5,0.5,-0.5
2019-09-25,3,0,2,1,-0.3333333333333333,0.8611997167269388,0.0,0.6666666666666666,0.3333333333333333,-0.3333333333333333
2019-09-26,3,0,1,2,-0.6666666666666666,0.7862078547477722,0.0,0.3333333333333333,0.6666666666666666,-0.6666666666666666
2019-09-27,1,0,0,1,-1.0,0.8728820085525513,0.0,0.0,1.0,-1.0
2019-09-29,2,0,1,1,-0.5,0.8889998197555542,0.0,0.5,0.5,-0.5
2019-09-30,2,1,1,0,0.5,0.7655874490737915,0.5,0.5,0.0,0.5
2019-10-01,2,0,2,0,0.0,0.9492720365524292,0.0,1.0,0.0,0.0
2019-10-02,1,0,0,1,-1.0,0.5436460971832275,0.0,0.0,1.0,-1.0
2019-10-03,2,1,1,0,0.5,0.7331556677818298,0.5,0.5,0.0,0.5
2019-10-04,1,0,0,1,-1.0,0.8179401159286499,0.0,0.0,1.0,-1.0
2019-10-14,2,0,1,1,-0.5,0.943668395280838,0.0,0.5,0.5,-0.5
2019-10-15,2,1,1,0,0.5,0.7333144545555115,0.5,0.5,0.0,0.5
2019-10-17,2,0,1,1,-0.5,0.7479815185070038,0.0,0.5,0.5,-0.5
2019-10-18,2,0,0,2,-1.0,0.6932263970375061,0.0,0.0,1.0,-1.0
2019-10-20,3,0,2,1,-0.3333333333333333,0.8940848310788473,0.0,0.6666666666666666,0.3333333333333333,-0.3333333333333333
2019-10-21,2,0,0,2,-1.0,0.7999102473258972,0.0,0.0,1.0,-1.0
2019-10-22,2,0,1,1,-0.5,0.7105841189622879,0.0,0.5,0.5,-0.5
2019-10-23,2,0,2,0,0.0,0.8004321753978729,0.0,1.0,0.0,0.0
2019-10-24,1,1,0,0,1.0,0.554099977016449,1.0,0.0,0.0,1.0
2019-10-25,1,0,1,0,0.0,0.8606996536254883,0.0,1.0,0.0,0.0
2019-10-31,2,0,2,0,0.0,0.6989658623933792,0.0,1.0,0.0,0.0
2019-11-03,1,0,0,1,-1.0,0.94814270734787,0.0,0.0,1.0,-1.0
2019-11-04,1,1,0,0,1.0,0.4993764758110046,1.0,0.0,0.0,1.0
2019-11-05,1,0,0,1,-1.0,0.8832128047943115,0.0,0.0,1.0,-1.0
2019-11-06,2,0,1,1,-0.5,0.797272115945816,0.0,0.5,0.5,-0.5
2019-11-07,2,0,1,1,-0.5,0.9006962776184082,0.0,0.5,0.5,-0.5
2019-11-08,1,0,0,1,-1.0,0.8603939414024353,0.0,0.0,1.0,-1.0
2019-11-11,4,1,3,0,0.25,0.8255851194262505,0.25,0.75,0.0,0.25
2019-11-12,1,0,0,1,-1.0,0.9049252271652222,0.0,0.0,1.0,-1.0
2019-11-13,1,0,0,1,-1.0,0.83124840259552,0.0,0.0,1.0,-1.0
2019-11-14,1,0,1,0,0.0,0.6403651833534241,0.0,1.0,0.0,0.0
2019-11-15,3,0,2,1,-0.3333333333333333,0.7982695897420248,0.0,0.6666666666666666,0.3333333333333333,-0.3333333333333333
2019-11-17,2,0,0,2,-1.0,0.8720705509185791,0.0,0.0,1.0,-1.0
2019-11-18,2,0,1,1,-0.5,0.8403541743755341,0.0,0.5,0.5,-0.5
2019-11-19,1,0,0,1,-1.0,0.8312487006187439,0.0,0.0,1.0,-1.0
2019-11-20,1,0,0,1,-1.0,0.950287103652954,0.0,0.0,1.0,-1.0
2019-11-21,1,0,0,1,-1.0,0.8422467112541199,0.0,0.0,1.0,-1.0
2019-11-24,1,0,0,1,-1.0,0.9489130973815918,0.0,0.0,1.0,-1.0
2019-11-25,2,0,1,1,-0.5,0.7419449090957642,0.0,0.5,0.5,-0.5
2019-11-26,1,0,0,1,-1.0,0.9242815971374512,0.0,0.0,1.0,-1.0
2019-11-27,2,0,2,0,0.0,0.7858100235462189,0.0,1.0,0.0,0.0
2019-11-29,1,0,0,1,-1.0,0.8217363357543945,0.0,0.0,1.0,-1.0
2019-12-01,1,0,1,0,0.0,0.4786626398563385,0.0,1.0,0.0,0.0
2019-12-02,1,0,0,1,-1.0,0.6879297494888306,0.0,0.0,1.0,-1.0
2019-12-03,2,0,2,0,0.0,0.8274568319320679,0.0,1.0,0.0,0.0
2019-12-04,2,1,1,0,0.5,0.8836939334869385,0.5,0.5,0.0,0.5
2019-12-05,1,1,0,0,1.0,0.8119133710861206,1.0,0.0,0.0,1.0
2019-12-06,1,0,1,0,0.0,0.8119447231292725,0.0,1.0,0.0,0.0
2019-12-08,2,0,2,0,0.0,0.811291515827179,0.0,1.0,0.0,0.0
2019-12-09,4,0,3,1,-0.25,0.7850579023361206,0.0,0.75,0.25,-0.25
2019-12-10,3,0,3,0,0.0,0.9472682674725851,0.0,1.0,0.0,0.0
2019-12-11,2,0,2,0,0.0,0.7133074402809143,0.0,1.0,0.0,0.0
2019-12-12,2,0,2,0,0.0,0.7238941937685013,0.0,1.0,0.0,0.0
2019-12-13,2,0,2,0,0.0,0.9045024514198303,0.0,1.0,0.0,0.0
2019-12-15,2,0,2,0,0.0,0.6698308885097504,0.0,1.0,0.0,0.0
2019-12-16,6,0,4,2,-0.3333333333333333,0.9232346216837567,0.0,0.6666666666666666,0.3333333333333333,-0.3333333333333333
2019-12-18,2,0,0,2,-1.0,0.8813962340354919,0.0,0.0,1.0,-1.0
2019-12-19,3,0,2,1,-0.3333333333333333,0.9216342171033224,0.0,0.6666666666666666,0.3333333333333333,-0.3333333333333333
2019-12-20,5,0,4,1,-0.2,0.8835663557052612,0.0,0.8,0.2,-0.2
2019-12-22,1,0,1,0,0.0,0.6820482015609741,0.0,1.0,0.0,0.0
2019-12-24,2,0,1,1,-0.5,0.8409048318862915,0.0,0.5,0.5,-0.5
2019-12-25,3,0,3,0,0.0,0.7863357067108154,0.0,1.0,0.0,0.0
2019-12-26,1,0,1,0,0.0,0.5626022815704346,0.0,1.0,0.0,0.0
2019-12-27,1,0,1,0,0.0,0.8683505058288574,0.0,1.0,0.0,0.0
2019-12-29,1,0,0,1,-1.0,0.8998029232025146,0.0,0.0,1.0,-1.0
2019-12-30,1,1,0,0,1.0,0.5898045301437378,1.0,0.0,0.0,1.0
2019-12-31,1,0,0,1,-1.0,0.557161271572113,0.0,0.0,1.0,-1.0
2020-01-01,2,0,1,1,-0.5,0.6658194959163666,0.0,0.5,0.5,-0.5
2020-01-02,2,0,1,1,-0.5,0.8140106201171875,0.0,0.5,0.5,-0.5
2020-01-07,1,1,0,0,1.0,0.5921477675437927,1.0,0.0,0.0,1.0
2020-01-08,1,0,1,0,0.0,0.4551615417003631,0.0,1.0,0.0,0.0
2020-01-13,1,0,0,1,-1.0,0.3721528053283691,0.0,0.0,1.0,-1.0
2020-01-14,1,0,0,1,-1.0,0.8572571873664856,0.0,0.0,1.0,-1.0
2020-01-16,1,1,0,0,1.0,0.9130570888519288,1.0,0.0,0.0,1.0
2020-01-19,1,1,0,0,1.0,0.8330631256103516,1.0,0.0,0.0,1.0
2020-01-20,3,0,2,1,-0.3333333333333333,0.8963934381802877,0.0,0.6666666666666666,0.3333333333333333,-0.3333333333333333
2020-01-21,1,0,1,0,0.0,0.8224758505821228,0.0,1.0,0.0,0.0
2020-01-22,2,0,1,1,-0.5,0.8569392561912537,0.0,0.5,0.5,-0.5
2020-01-23,2,0,0,2,-1.0,0.8021031618118286,0.0,0.0,1.0,-1.0
2020-01-24,2,0,2,0,0.0,0.6641252636909485,0.0,1.0,0.0,0.0
2020-01-26,1,0,0,1,-1.0,0.9588179588317872,0.0,0.0,1.0,-1.0
2020-01-27,2,1,0,1,0.0,0.8734526336193085,0.5,0.0,0.5,0.0
2020-01-28,2,0,2,0,0.0,0.7410095632076263,0.0,1.0,0.0,0.0
2020-01-29,1,0,0,1,-1.0,0.9173906445503236,0.0,0.0,1.0,-1.0
2020-01-30,1,0,1,0,0.0,0.5647669434547424,0.0,1.0,0.0,0.0
2020-01-31,2,0,2,0,0.0,0.9163902699947357,0.0,1.0,0.0,0.0
2020-02-01,1,1,0,0,1.0,0.6408977508544922,1.0,0.0,0.0,1.0
2020-02-02,2,0,2,0,0.0,0.6816366016864777,0.0,1.0,0.0,0.0
2020-02-03,2,0,2,0,0.0,0.8613871932029724,0.0,1.0,0.0,0.0
2020-02-04,1,0,0,1,-1.0,0.8138357400894165,0.0,0.0,1.0,-1.0
2020-02-05,2,0,2,0,0.0,0.8831675052642822,0.0,1.0,0.0,0.0
2020-02-06,1,0,0,1,-1.0,0.963204562664032,0.0,0.0,1.0,-1.0
2020-02-07,2,0,2,0,0.0,0.7520597875118256,0.0,1.0,0.0,0.0
2020-02-09,2,0,1,1,-0.5,0.9417011439800262,0.0,0.5,0.5,-0.5
2020-02-10,2,0,2,0,0.0,0.6050084680318832,0.0,1.0,0.0,0.0
2020-02-11,1,0,1,0,0.0,0.5237774848937988,0.0,1.0,0.0,0.0
2020-02-12,2,0,2,0,0.0,0.7306642830371857,0.0,1.0,0.0,0.0
2020-02-13,1,0,0,1,-1.0,0.54066401720047,0.0,0.0,1.0,-1.0
2020-02-14,1,0,1,0,0.0,0.8179532885551453,0.0,1.0,0.0,0.0
2020-02-16,1,0,1,0,0.0,0.6659175157546997,0.0,1.0,0.0,0.0
2020-02-17,2,0,2,0,0.0,0.744097501039505,0.0,1.0,0.0,0.0
2020-02-18,2,0,1,1,-0.5,0.7568133771419525,0.0,0.5,0.5,-0.5
2020-02-19,1,1,0,0,1.0,0.4355304837226867,1.0,0.0,0.0,1.0
2020-02-20,2,0,2,0,0.0,0.8810804486274719,0.0,1.0,0.0,0.0
2020-02-22,1,0,1,0,0.0,0.9084170460700988,0.0,1.0,0.0,0.0
2020-02-23,3,1,2,0,0.3333333333333333,0.8582435051600138,0.3333333333333333,0.6666666666666666,0.0,0.3333333333333333
2020-02-24,3,0,2,1,-0.3333333333333333,0.8030492067337036,0.0,0.6666666666666666,0.3333333333333333,-0.3333333333333333
2020-02-25,2,0,2,0,0.0,0.7126815915107727,0.0,1.0,0.0,0.0
2020-02-26,2,2,0,0,1.0,0.7619791030883789,1.0,0.0,0.0,1.0
2020-02-27,1,1,0,0,1.0,0.7512332797050476,1.0,0.0,0.0,1.0
2020-02-28,1,0,1,0,0.0,0.9112409353256226,0.0,1.0,0.0,0.0
2020-03-01,3,0,2,1,-0.3333333333333333,0.942409614721934,0.0,0.6666666666666666,0.3333333333333333,-0.3333333333333333
2020-03-02,2,0,1,1,-0.5,0.9430054128170013,0.0,0.5,0.5,-0.5
2020-03-03,4,1,1,2,-0.25,0.6062295138835907,0.25,0.25,0.5,-0.25
2020-03-04,3,0,2,1,-0.3333333333333333,0.9516543745994568,0.0,0.6666666666666666,0.3333333333333333,-0.3333333333333333
2020-03-05,2,0,1,1,-0.5,0.9110372960567474,0.0,0.5,0.5,-0.5
2020-03-10,3,0,0,3,-1.0,0.7592100103696188,0.0,0.0,1.0,-1.0
2020-03-11,1,1,0,0,1.0,0.4726808667182922,1.0,0.0,0.0,1.0
2020-03-12,3,0,2,1,-0.3333333333333333,0.9266746838887533,0.0,0.6666666666666666,0.3333333333333333,-0.3333333333333333
2020-03-13,2,0,1,1,-0.5,0.7204403281211853,0.0,0.5,0.5,-0.5
2020-03-15,2,0,1,1,-0.5,0.9016446173191071,0.0,0.5,0.5,-0.5
2020-03-16,2,1,1,0,0.5,0.6689715683460236,0.5,0.5,0.0,0.5
2020-03-17,3,0,2,1,-0.3333333333333333,0.9143432974815369,0.0,0.6666666666666666,0.3333333333333333,-0.3333333333333333
2020-03-18,1,0,0,1,-1.0,0.7783384919166565,0.0,0.0,1.0,-1.0
2020-03-19,1,0,1,0,0.0,0.5989691019058228,0.0,1.0,0.0,0.0
2020-03-20,2,0,2,0,0.0,0.7479328811168671,0.0,1.0,0.0,0.0
2020-03-21,1,0,1,0,0.0,0.9368777871131896,0.0,1.0,0.0,0.0
2020-03-22,1,0,0,1,-1.0,0.9400724768638612,0.0,0.0,1.0,-1.0
2020-03-23,1,0,1,0,0.0,0.9520847201347352,0.0,1.0,0.0,0.0
2020-04-07,1,0,1,0,0.0,0.5087312459945679,0.0,1.0,0.0,0.0
2020-04-14,1,0,1,0,0.0,0.803469717502594,0.0,1.0,0.0,0.0
2020-04-16,1,0,0,1,-1.0,0.4884233176708221,0.0,0.0,1.0,-1.0
2020-04-28,2,1,1,0,0.5,0.7151638269424438,0.5,0.5,0.0,0.5
2020-05-08,1,0,1,0,0.0,0.8771483898162842,0.0,1.0,0.0,0.0
2020-05-12,2,0,1,1,-0.5,0.909936398267746,0.0,0.5,0.5,-0.5
2020-05-13,1,0,0,1,-1.0,0.8969376087188721,0.0,0.0,1.0,-1.0
2020-05-14,1,0,0,1,-1.0,0.9620183110237122,0.0,0.0,1.0,-1.0
2020-05-18,1,0,1,0,0.0,0.5454281568527222,0.0,1.0,0.0,0.0
2020-05-22,1,0,1,0,0.0,0.8393545746803284,0.0,1.0,0.0,0.0
2020-06-03,1,0,0,1,-1.0,0.5956698060035706,0.0,0.0,1.0,-1.0
2020-06-15,1,0,1,0,0.0,0.5242580771446228,0.0,1.0,0.0,0.0
2020-06-17,3,1,2,0,0.3333333333333333,0.7268824179967245,0.3333333333333333,0.6666666666666666,0.0,0.3333333333333333
2020-06-20,1,0,0,1,-1.0,0.5844570398330688,0.0,0.0,1.0,-1.0
2020-06-22,1,0,1,0,0.0,0.8996607661247253,0.0,1.0,0.0,0.0
2020-06-28,1,0,1,0,0.0,0.8315434455871582,0.0,1.0,0.0,0.0
2020-06-29,2,0,1,1,-0.5,0.7572846412658691,0.0,0.5,0.5,-0.5
2020-06-30,3,0,3,0,0.0,0.819520890712738,0.0,1.0,0.0,0.0
2020-07-01,4,0,3,1,-0.25,0.7918958365917206,0.0,0.75,0.25,-0.25
2020-07-02,3,0,0,3,-1.0,0.6319883664449056,0.0,0.0,1.0,-1.0
2020-07-05,1,0,1,0,0.0,0.6220343112945557,0.0,1.0,0.0,0.0
2020-07-06,1,0,0,1,-1.0,0.9232967495918274,0.0,0.0,1.0,-1.0
2020-07-07,4,1,3,0,0.25,0.8244726210832596,0.25,0.75,0.0,0.25
2020-07-10,1,0,1,0,0.0,0.9043574333190918,0.0,1.0,0.0,0.0
2020-07-12,2,0,2,0,0.0,0.9043542146682739,0.0,1.0,0.0,0.0
2020-07-17,1,0,1,0,0.0,0.879118800163269,0.0,1.0,0.0,0.0
2020-07-19,5,0,5,0,0.0,0.7338198900222779,0.0,1.0,0.0,0.0
2020-07-20,2,0,2,0,0.0,0.49648885428905487,0.0,1.0,0.0,0.0
2020-07-23,1,1,0,0,1.0,0.6366609930992126,1.0,0.0,0.0,1.0
2020-07-26,2,0,2,0,0.0,0.8002631366252899,0.0,1.0,0.0,0.0
2020-08-05,3,0,1,2,-0.6666666666666666,0.7452803254127502,0.0,0.3333333333333333,0.6666666666666666,-0.6666666666666666
2020-08-06,1,0,0,1,-1.0,0.9660840034484864,0.0,0.0,1.0,-1.0
2020-08-09,2,1,0,1,0.0,0.7982691824436188,0.5,0.0,0.5,0.0
2020-08-10,1,1,0,0,1.0,0.8263623118400574,1.0,0.0,0.0,1.0
2020-08-11,2,0,1,1,-0.5,0.8314566612243652,0.0,0.5,0.5,-0.5
2020-08-12,1,0,1,0,0.0,0.94590425491333,0.0,1.0,0.0,0.0
2020-08-16,2,0,2,0,0.0,0.7571029663085938,0.0,1.0,0.0,0.0
2020-08-17,1,0,1,0,0.0,0.9189766049385072,0.0,1.0,0.0,0.0
2020-08-19,1,0,0,1,-1.0,0.6195288896560669,0.0,0.0,1.0,-1.0
2020-08-26,1,0,1,0,0.0,0.6763677597045898,0.0,1.0,0.0,0.0
2020-08-28,1,0,1,0,0.0,0.9128148555755616,0.0,1.0,0.0,0.0
2020-08-31,1,0,0,1,-1.0,0.6282753348350525,0.0,0.0,1.0,-1.0
2020-09-01,1,1,0,0,1.0,0.9218316674232484,1.0,0.0,0.0,1.0
2020-09-02,1,1,0,0,1.0,0.763757586479187,1.0,0.0,0.0,1.0
2021-12-26,1,0,1,0,0.0,0.8905843496322632,0.0,1.0,0.0,0.0
2022-04-28,1,0,1,0,0.0,0.9496877193450928,0.0,1.0,0.0,0.0
2022-04-29,1,0,1,0,0.0,0.8122619986534119,0.0,1.0,0.0,0.0
2022-05-06,2,0,2,0,0.0,0.7299411296844482,0.0,1.0,0.0,0.0
2022-05-09,1,0,1,0,0.0,0.9011003375053406,0.0,1.0,0.0,0.0
2022-05-10,2,0,2,0,0.0,0.9263322055339812,0.0,1.0,0.0,0.0
2022-05-11,1,0,1,0,0.0,0.9354362487792968,0.0,1.0,0.0,0.0
2022-05-20,2,0,2,0,0.0,0.766127198934555,0.0,1.0,0.0,0.0
2022-05-23,1,0,1,0,0.0,0.931490123271942,0.0,1.0,0.0,0.0
2022-05-30,2,0,1,1,-0.5,0.8546179533004761,0.0,0.5,0.5,-0.5
2022-06-01,1,0,1,0,0.0,0.580897331237793,0.0,1.0,0.0,0.0
2022-06-03,1,0,0,1,-1.0,0.9708648324012756,0.0,0.0,1.0,-1.0
2022-06-06,3,0,2,1,-0.3333333333333333,0.92971404393514,0.0,0.6666666666666666,0.3333333333333333,-0.3333333333333333
2022-06-10,1,0,1,0,0.0,0.7275195717811584,0.0,1.0,0.0,0.0
2022-06-13,1,0,0,1,-1.0,0.9358983039855956,0.0,0.0,1.0,-1.0
2022-06-16,1,0,1,0,0.0,0.910405695438385,0.0,1.0,0.0,0.0
2022-06-17,1,0,1,0,0.0,0.9465776681900024,0.0,1.0,0.0,0.0
2022-06-19,1,0,0,1,-1.0,0.9573079347610474,0.0,0.0,1.0,-1.0
2022-06-27,1,0,1,0,0.0,0.9543663263320924,0.0,1.0,0.0,0.0
2022-06-30,1,0,1,0,0.0,0.9465751051902772,0.0,1.0,0.0,0.0
2022-07-01,1,0,0,1,-1.0,0.6417907476425171,0.0,0.0,1.0,-1.0
2022-07-06,1,0,1,0,0.0,0.9297932982444764,0.0,1.0,0.0,0.0
2022-07-14,2,0,2,0,0.0,0.6954288184642792,0.0,1.0,0.0,0.0
2022-07-21,1,0,1,0,0.0,0.9412820935249328,0.0,1.0,0.0,0.0
2022-07-28,1,0,0,1,-1.0,0.7769159078598022,0.0,0.0,1.0,-1.0
2022-07-31,1,0,0,1,-1.0,0.674490749835968,0.0,0.0,1.0,-1.0
2022-08-02,1,0,0,1,-1.0,0.8392537236213684,0.0,0.0,1.0,-1.0
2022-08-04,1,0,1,0,0.0,0.9346628785133362,0.0,1.0,0.0,0.0
2022-08-26,1,0,1,0,0.0,0.9529152512550354,0.0,1.0,0.0,0.0
2022-08-28,1,0,0,1,-1.0,0.940674602985382,0.0,0.0,1.0,-1.0
2022-08-31,1,0,1,0,0.0,0.9089759588241576,0.0,1.0,0.0,0.0
2022-09-04,1,0,0,1,-1.0,0.4995335638523102,0.0,0.0,1.0,-1.0
2022-09-08,1,0,1,0,0.0,0.9393097162246704,0.0,1.0,0.0,0.0
2022-09-11,1,0,0,1,-1.0,0.73394775390625,0.0,0.0,1.0,-1.0
2022-09-13,1,0,1,0,0.0,0.9443584084510804,0.0,1.0,0.0,0.0
2022-09-21,1,0,1,0,0.0,0.8629220724105835,0.0,1.0,0.0,0.0
2022-09-27,2,0,1,1,-0.5,0.7367632985115051,0.0,0.5,0.5,-0.5
2022-10-09,1,0,0,1,-1.0,0.7367779612541199,0.0,0.0,1.0,-1.0
2022-10-12,1,0,1,0,0.0,0.8491794466972351,0.0,1.0,0.0,0.0
2022-10-13,1,0,1,0,0.0,0.8882852792739868,0.0,1.0,0.0,0.0
2022-11-07,1,0,1,0,0.0,0.9457082152366638,0.0,1.0,0.0,0.0
2022-11-11,1,0,1,0,0.0,0.9360954761505128,0.0,1.0,0.0,0.0
2022-11-17,1,0,1,0,0.0,0.949216604232788,0.0,1.0,0.0,0.0
2022-11-18,1,0,1,0,0.0,0.6450940370559692,0.0,1.0,0.0,0.0
2022-11-22,2,0,2,0,0.0,0.7572399973869324,0.0,1.0,0.0,0.0
2022-11-23,1,0,0,1,-1.0,0.5896839499473572,0.0,0.0,1.0,-1.0
2022-11-24,1,0,0,1,-1.0,0.5735649466514587,0.0,0.0,1.0,-1.0
2022-11-27,1,0,1,0,0.0,0.6133133172988892,0.0,1.0,0.0,0.0
2022-11-28,1,0,1,0,0.0,0.6269455552101135,0.0,1.0,0.0,0.0
2022-11-30,2,0,1,1,-0.5,0.7599916458129883,0.0,0.5,0.5,-0.5
2022-12-01,1,0,1,0,0.0,0.8347077965736389,0.0,1.0,0.0,0.0
2022-12-04,3,0,2,1,-0.3333333333333333,0.8357298572858175,0.0,0.6666666666666666,0.3333333333333333,-0.3333333333333333
2022-12-06,4,0,2,2,-0.5,0.7227720469236374,0.0,0.5,0.5,-0.5
2022-12-07,1,0,1,0,0.0,0.9280931353569032,0.0,1.0,0.0,0.0
2022-12-09,1,0,0,1,-1.0,0.536766767501831,0.0,0.0,1.0,-1.0
2022-12-11,1,0,1,0,0.0,0.934069275856018,0.0,1.0,0.0,0.0
2022-12-13,1,0,0,1,-1.0,0.6857882738113403,0.0,0.0,1.0,-1.0
2022-12-14,1,0,1,0,0.0,0.6347817182540894,0.0,1.0,0.0,0.0
2022-12-15,1,0,1,0,0.0,0.9325534105300904,0.0,1.0,0.0,0.0
2022-12-18,2,0,2,0,0.0,0.9485931098461152,0.0,1.0,0.0,0.0
2022-12-19,1,0,1,0,0.0,0.8029485940933228,0.0,1.0,0.0,0.0
2022-12-20,2,0,2,0,0.0,0.9466772973537445,0.0,1.0,0.0,0.0
2022-12-21,4,0,4,0,0.0,0.9463523924350739,0.0,1.0,0.0,0.0
2022-12-22,3,0,1,2,-0.6666666666666666,0.7142632007598877,0.0,0.3333333333333333,0.6666666666666666,-0.6666666666666666
2022-12-23,1,0,1,0,0.0,0.9417928457260132,0.0,1.0,0.0,0.0
2022-12-27,2,0,2,0,0.0,0.6786366999149323,0.0,1.0,0.0,0.0
2022-12-28,1,0,0,1,-1.0,0.9486978054046632,0.0,0.0,1.0,-1.0
2023-01-05,2,0,1,1,-0.5,0.8297765552997589,0.0,0.5,0.5,-0.5
2023-01-06,3,1,2,0,0.3333333333333333,0.7116490006446838,0.3333333333333333,0.6666666666666666,0.0,0.3333333333333333
2023-01-12,1,0,1,0,0.0,0.589449942111969,0.0,1.0,0.0,0.0
2023-01-17,2,0,2,0,0.0,0.7068128883838654,0.0,1.0,0.0,0.0
2023-01-24,2,0,0,2,-1.0,0.7192129790782928,0.0,0.0,1.0,-1.0
2023-01-25,2,1,1,0,0.5,0.538846030831337,0.5,0.5,0.0,0.5
2023-01-26,1,0,0,1,-1.0,0.9327440857887268,0.0,0.0,1.0,-1.0
2023-01-29,1,0,1,0,0.0,0.9153156280517578,0.0,1.0,0.0,0.0
2023-01-30,1,0,1,0,0.0,0.9060983657836914,0.0,1.0,0.0,0.0
2023-02-01,1,0,1,0,0.0,0.9544638395309448,0.0,1.0,0.0,0.0
2023-02-09,1,0,0,1,-1.0,0.7240247130393982,0.0,0.0,1.0,-1.0
2023-02-14,1,0,1,0,0.0,0.4895046651363373,0.0,1.0,0.0,0.0
2023-02-16,1,0,1,0,0.0,0.694500207901001,0.0,1.0,0.0,0.0
2023-02-26,2,0,2,0,0.0,0.9086962640285492,0.0,1.0,0.0,0.0
2023-03-01,1,0,1,0,0.0,0.9475019574165344,0.0,1.0,0.0,0.0
2023-03-03,1,0,1,0,0.0,0.9349192380905152,0.0,1.0,0.0,0.0
2023-03-05,2,0,2,0,0.0,0.9149591326713562,0.0,1.0,0.0,0.0
2023-03-07,1,0,1,0,0.0,0.9393301606178284,0.0,1.0,0.0,0.0
2023-03-09,1,0,1,0,0.0,0.8936470746994019,0.0,1.0,0.0,0.0
2023-03-10,1,0,1,0,0.0,0.8894446492195129,0.0,1.0,0.0,0.0
2023-03-13,1,0,1,0,0.0,0.9285069108009338,0.0,1.0,0.0,0.0
2023-03-15,1,0,1,0,0.0,0.9431445598602296,0.0,1.0,0.0,0.0
2023-03-16,2,0,2,0,0.0,0.9303676187992096,0.0,1.0,0.0,0.0
2023-03-19,1,0,1,0,0.0,0.9290224313735962,0.0,1.0,0.0,0.0
2023-03-26,2,0,2,0,0.0,0.8888108134269714,0.0,1.0,0.0,0.0
2023-04-02,3,0,3,0,0.0,0.8642852703730265,0.0,1.0,0.0,0.0
2023-04-03,1,0,1,0,0.0,0.9254518151283264,0.0,1.0,0.0,0.0
2023-04-05,1,0,1,0,0.0,0.9342705607414246,0.0,1.0,0.0,0.0
2023-04-12,1,0,1,0,0.0,0.9481720328330994,0.0,1.0,0.0,0.0
2023-04-23,1,0,1,0,0.0,0.9381119012832642,0.0,1.0,0.0,0.0
2023-04-30,1,0,1,0,0.0,0.8338411450386047,0.0,1.0,0.0,0.0
2023-05-02,1,0,0,1,-1.0,0.6145855188369751,0.0,0.0,1.0,-1.0
2023-05-03,1,0,1,0,0.0,0.9227617383003236,0.0,1.0,0.0,0.0
2023-05-07,3,0,2,1,-0.3333333333333333,0.7096774776776632,0.0,0.6666666666666666,0.3333333333333333,-0.3333333333333333
2023-05-08,3,0,1,2,-0.6666666666666666,0.7857627272605896,0.0,0.3333333333333333,0.6666666666666666,-0.6666666666666666
2023-05-09,2,0,1,1,-0.5,0.8026873171329498,0.0,0.5,0.5,-0.5
2023-05-21,1,0,1,0,0.0,0.9058102369308472,0.0,1.0,0.0,0.0
2023-05-23,1,0,1,0,0.0,0.9331502914428712,0.0,1.0,0.0,0.0
2023-05-29,2,0,2,0,0.0,0.8757245540618896,0.0,1.0,0.0,0.0
2023-06-08,1,0,1,0,0.0,0.9324207305908204,0.0,1.0,0.0,0.0
2023-06-15,2,0,2,0,0.0,0.928127259016037,0.0,1.0,0.0,0.0
2023-07-03,1,0,1,0,0.0,0.669834315776825,0.0,1.0,0.0,0.0
2023-07-20,1,0,1,0,0.0,0.9454683065414428,0.0,1.0,0.0,0.0
2023-08-13,1,1,0,0,1.0,0.7088017463684082,1.0,0.0,0.0,1.0
2023-08-28,1,0,0,1,-1.0,0.9127663969993592,0.0,0.0,1.0,-1.0
2023-08-29,1,0,1,0,0.0,0.9446293711662292,0.0,1.0,0.0,0.0
2023-09-26,1,0,1,0,0.0,0.8736612796783447,0.0,1.0,0.0,0.0
2023-09-27,1,0,1,0,0.0,0.9290763139724731,0.0,1.0,0.0,0.0
2023-10-21,1,0,1,0,0.0,0.8119657635688782,0.0,1.0,0.0,0.0
2023-11-08,1,0,1,0,0.0,0.9407181739807128,0.0,1.0,0.0,0.0
2023-11-09,1,0,1,0,0.0,0.9189724922180176,0.0,1.0,0.0,0.0
2023-11-21,2,0,1,1,-0.5,0.9481547474861145,0.0,0.5,0.5,-0.5
2023-11-26,2,0,2,0,0.0,0.9489726126194,0.0,1.0,0.0,0.0
2023-11-29,1,0,0,1,-1.0,0.6069616079330444,0.0,0.0,1.0,-1.0
2023-12-01,1,0,1,0,0.0,0.9171059131622314,0.0,1.0,0.0,0.0
2023-12-03,1,0,1,0,0.0,0.9288132190704346,0.0,1.0,0.0,0.0
2023-12-12,1,0,1,0,0.0,0.9314546585083008,0.0,1.0,0.0,0.0
2023-12-18,1,1,0,0,1.0,0.9525662660598756,1.0,0.0,0.0,1.0
2023-12-20,1,0,0,1,-1.0,0.8060009479522705,0.0,0.0,1.0,-1.0
2023-12-22,1,0,0,1,-1.0,0.8103871941566467,0.0,0.0,1.0,-1.0
2024-02-05,1,0,1,0,0.0,0.9539985060691832,0.0,1.0,0.0,0.0
2024-02-09,1,0,1,0,0.0,0.9367159605026244,0.0,1.0,0.0,0.0
2024-02-25,1,0,1,0,0.0,0.9399005770683287,0.0,1.0,0.0,0.0
2024-02-26,1,0,1,0,0.0,0.9388729333877563,0.0,1.0,0.0,0.0
2024-02-27,1,0,0,1,-1.0,0.9279049634933472,0.0,0.0,1.0,-1.0
2024-02-28,1,0,1,0,0.0,0.9390894174575806,0.0,1.0,0.0,0.0
2024-02-29,3,0,2,1,-0.3333333333333333,0.9418878555297852,0.0,0.6666666666666666,0.3333333333333333,-0.3333333333333333
2024-03-03,1,0,0,1,-1.0,0.9634939432144164,0.0,0.0,1.0,-1.0
2024-03-04,1,0,1,0,0.0,0.941268265247345,0.0,1.0,0.0,0.0
2024-03-05,1,0,1,0,0.0,0.9406644105911256,0.0,1.0,0.0,0.0
2024-03-06,2,0,2,0,0.0,0.7430199980735779,0.0,1.0,0.0,0.0
2024-03-07,4,0,4,0,0.0,0.7997247278690338,0.0,1.0,0.0,0.0
2024-03-10,2,0,2,0,0.0,0.9353115558624268,0.0,1.0,0.0,0.0
2024-03-11,1,0,1,0,0.0,0.9387679696083068,0.0,1.0,0.0,0.0
2024-03-12,4,1,3,0,0.25,0.7450920939445496,0.25,0.75,0.0,0.25
2024-03-13,1,0,0,1,-1.0,0.96058851480484,0.0,0.0,1.0,-1.0
2024-03-15,1,0,0,1,-1.0,0.482896089553833,0.0,0.0,1.0,-1.0
2024-03-17,2,0,1,1,-0.5,0.8926868736743927,0.0,0.5,0.5,-0.5
2024-03-18,1,0,0,1,-1.0,0.9555143117904664,0.0,0.0,1.0,-1.0
2024-03-19,2,1,0,1,0.0,0.9268631935119629,0.5,0.0,0.5,0.0
2024-03-21,3,0,2,1,-0.3333333333333333,0.8262412548065186,0.0,0.6666666666666666,0.3333333333333333,-0.3333333333333333
2024-03-22,1,0,0,1,-1.0,0.9545411467552184,0.0,0.0,1.0,-1.0
2024-03-25,3,0,1,2,-0.6666666666666666,0.9052267273267111,0.0,0.3333333333333333,0.6666666666666666,-0.6666666666666666
2024-03-26,1,0,0,1,-1.0,0.9690971970558168,0.0,0.0,1.0,-1.0
2024-03-28,1,0,0,1,-1.0,0.961593747138977,0.0,0.0,1.0,-1.0
2024-03-29,1,0,0,1,-1.0,0.9342383146286012,0.0,0.0,1.0,-1.0
2024-03-31,1,0,0,1,-1.0,0.962530255317688,0.0,0.0,1.0,-1.0
2024-04-01,1,0,0,1,-1.0,0.9652594923973083,0.0,0.0,1.0,-1.0
2024-04-02,3,1,1,1,0.0,0.8073856830596924,0.3333333333333333,0.3333333333333333,0.3333333333333333,0.0
2024-04-03,3,0,2,1,-0.3333333333333333,0.9424514174461365,0.0,0.6666666666666666,0.3333333333333333,-0.3333333333333333
2024-04-04,2,0,1,1,-0.5,0.9030863642692566,0.0,0.5,0.5,-0.5
2024-04-05,1,0,0,1,-1.0,0.844268262386322,0.0,0.0,1.0,-1.0
2024-04-07,2,0,1,1,-0.5,0.9546402990818024,0.0,0.5,0.5,-0.5
2024-04-09,1,0,0,1,-1.0,0.9687020182609558,0.0,0.0,1.0,-1.0
2024-04-10,2,0,2,0,0.0,0.8772517144680023,0.0,1.0,0.0,0.0
2024-04-14,1,0,0,1,-1.0,0.9688474535942078,0.0,0.0,1.0,-1.0
2024-04-15,1,0,0,1,-1.0,0.9565706253051758,0.0,0.0,1.0,-1.0
2024-04-16,2,0,1,1,-0.5,0.9557557106018066,0.0,0.5,0.5,-0.5
2024-04-17,1,0,0,1,-1.0,0.966779351234436,0.0,0.0,1.0,-1.0
2024-04-18,1,0,0,1,-1.0,0.9675604701042176,0.0,0.0,1.0,-1.0
2024-04-19,1,0,0,1,-1.0,0.902887523174286,0.0,0.0,1.0,-1.0
2024-04-21,2,0,1,1,-0.5,0.9527293145656586,0.0,0.5,0.5,-0.5
2024-04-22,1,0,0,1,-1.0,0.9666630029678344,0.0,0.0,1.0,-1.0
2024-04-23,1,0,0,1,-1.0,0.964637041091919,0.0,0.0,1.0,-1.0
2024-04-24,1,0,0,1,-1.0,0.9523584246635436,0.0,0.0,1.0,-1.0
2024-04-25,2,0,1,1,-0.5,0.742485910654068,0.0,0.5,0.5,-0.5
2024-04-26,1,0,0,1,-1.0,0.8364731669425964,0.0,0.0,1.0,-1.0
2024-04-28,2,0,1,1,-0.5,0.9568581581115723,0.0,0.5,0.5,-0.5
2024-04-29,1,0,0,1,-1.0,0.9547574520111084,0.0,0.0,1.0,-1.0
2024-04-30,1,0,0,1,-1.0,0.966918170452118,0.0,0.0,1.0,-1.0
2024-05-01,1,1,0,0,1.0,0.8867747187614441,1.0,0.0,0.0,1.0
2024-05-02,5,0,4,1,-0.2,0.952436101436615,0.0,0.8,0.2,-0.2
2024-05-03,1,0,0,1,-1.0,0.921839952468872,0.0,0.0,1.0,-1.0
2024-05-05,6,0,5,1,-0.16666666666666666,0.9261851112047831,0.0,0.8333333333333334,0.16666666666666666,-0.16666666666666666
2024-05-06,2,0,1,1,-0.5,0.9566274583339691,0.0,0.5,0.5,-0.5
2024-05-07,3,0,0,3,-1.0,0.797507623831431,0.0,0.0,1.0,-1.0
2024-05-08,1,0,0,1,-1.0,0.9580135345458984,0.0,0.0,1.0,-1.0
2024-05-09,1,0,0,1,-1.0,0.9671916365623474,0.0,0.0,1.0,-1.0
2024-05-10,1,0,0,1,-1.0,0.9437257051467896,0.0,0.0,1.0,-1.0
2024-05-12,2,0,0,2,-1.0,0.9275434017181396,0.0,0.0,1.0,-1.0
2024-05-13,2,0,1,1,-0.5,0.9522977471351624,0.0,0.5,0.5,-0.5
2024-05-14,1,0,0,1,-1.0,0.9362746477127076,0.0,0.0,1.0,-1.0
2024-05-15,1,0,0,1,-1.0,0.9585614204406738,0.0,0.0,1.0,-1.0
2024-05-16,1,0,0,1,-1.0,0.9669715762138368,0.0,0.0,1.0,-1.0
2024-05-17,3,0,2,1,-0.3333333333333333,0.9313312570254008,0.0,0.6666666666666666,0.3333333333333333,-0.3333333333333333
2024-05-19,1,1,0,0,1.0,0.8847665786743164,1.0,0.0,0.0,1.0
2024-05-21,1,0,1,0,0.0,0.5863645076751709,0.0,1.0,0.0,0.0
2024-05-23,1,1,0,0,1.0,0.8572309017181396,1.0,0.0,0.0,1.0
2024-05-24,1,0,0,1,-1.0,0.8031051158905029,0.0,0.0,1.0,-1.0
2024-05-27,2,0,1,1,-0.5,0.9526917338371278,0.0,0.5,0.5,-0.5
2024-05-28,2,2,0,0,1.0,0.7681412100791931,1.0,0.0,0.0,1.0
2024-05-29,1,1,0,0,1.0,0.7392684817314148,1.0,0.0,0.0,1.0
2024-05-30,3,0,2,1,-0.3333333333333333,0.9553584456443787,0.0,0.6666666666666666,0.3333333333333333,-0.3333333333333333
2024-05-31,1,0,1,0,0.0,0.9400469064712524,0.0,1.0,0.0,0.0
2024-06-02,3,0,1,2,-0.6666666666666666,0.8274062871932983,0.0,0.3333333333333333,0.6666666666666666,-0.6666666666666666
2024-06-03,2,0,1,1,-0.5,0.8268560171127319,0.0,0.5,0.5,-0.5
2024-06-06,1,1,0,0,1.0,0.9154892563819884,1.0,0.0,0.0,1.0
2024-06-07,2,0,1,1,-0.5,0.8242582082748413,0.0,0.5,0.5,-0.5
2024-06-11,1,0,1,0,0.0,0.9389188289642334,0.0,1.0,0.0,0.0
2024-06-12,1,0,1,0,0.0,0.9473756551742554,0.0,1.0,0.0,0.0
2024-06-13,1,1,0,0,1.0,0.7186106443405151,1.0,0.0,0.0,1.0
2024-06-14,2,0,1,1,-0.5,0.934992104768753,0.0,0.5,0.5,-0.5
2024-06-16,1,0,1,0,0.0,0.8279717564582825,0.0,1.0,0.0,0.0
2024-06-17,1,0,0,1,-1.0,0.9648275375366212,0.0,0.0,1.0,-1.0
2024-06-21,1,0,0,1,-1.0,0.9183763861656188,0.0,0.0,1.0,-1.0
2024-06-26,1,0,0,1,-1.0,0.971152663230896,0.0,0.0,1.0,-1.0
2024-06-27,1,0,0,1,-1.0,0.9715386629104614,0.0,0.0,1.0,-1.0
2024-06-28,1,0,0,1,-1.0,0.95083349943161,0.0,0.0,1.0,-1.0
2024-07-02,1,0,1,0,0.0,0.9210233688354492,0.0,1.0,0.0,0.0
2024-07-04,2,0,1,1,-0.5,0.8713718056678772,0.0,0.5,0.5,-0.5
2024-07-05,1,0,0,1,-1.0,0.8413589000701904,0.0,0.0,1.0,-1.0
2024-07-07,1,0,1,0,0.0,0.6521750688552856,0.0,1.0,0.0,0.0
2024-07-08,1,0,1,0,0.0,0.7472686171531677,0.0,1.0,0.0,0.0
2024-07-11,1,0,1,0,0.0,0.9385928511619568,0.0,1.0,0.0,0.0
2024-07-12,3,0,1,2,-0.6666666666666666,0.8855217496554056,0.0,0.3333333333333333,0.6666666666666666,-0.6666666666666666
2024-07-16,1,0,1,0,0.0,0.9504506587982178,0.0,1.0,0.0,0.0
2024-07-26,1,0,0,1,-1.0,0.9380021691322328,0.0,0.0,1.0,-1.0
2024-07-30,1,0,1,0,0.0,0.9469334483146667,0.0,1.0,0.0,0.0
2024-08-01,1,0,1,0,0.0,0.9445750713348388,0.0,1.0,0.0,0.0
2024-08-02,2,0,1,1,-0.5,0.9470501244068146,0.0,0.5,0.5,-0.5
2024-08-04,1,0,1,0,0.0,0.9389368295669556,0.0,1.0,0.0,0.0
2024-08-05,1,0,0,1,-1.0,0.9514997005462646,0.0,0.0,1.0,-1.0
2024-08-06,1,0,0,1,-1.0,0.9614174962043762,0.0,0.0,1.0,-1.0
2024-08-07,1,0,0,1,-1.0,0.8515584468841553,0.0,0.0,1.0,-1.0
2024-08-08,1,0,1,0,0.0,0.9442169070243835,0.0,1.0,0.0,0.0
2024-08-09,2,0,1,1,-0.5,0.9426828026771545,0.0,0.5,0.5,-0.5
2024-08-11,1,0,1,0,0.0,0.9160305261611938,0.0,1.0,0.0,0.0
2024-08-12,2,0,2,0,0.0,0.8907190561294556,0.0,1.0,0.0,0.0
2024-08-13,1,0,0,1,-1.0,0.9679736495018004,0.0,0.0,1.0,-1.0
2024-08-14,1,0,1,0,0.0,0.9461287260055542,0.0,1.0,0.0,0.0
2024-08-15,1,0,1,0,0.0,0.8292049765586853,0.0,1.0,0.0,0.0
2024-08-16,1,0,0,1,-1.0,0.9336015582084656,0.0,0.0,1.0,-1.0
2024-08-18,1,0,1,0,0.0,0.8910506367683411,0.0,1.0,0.0,0.0
2024-08-19,2,0,2,0,0.0,0.9391326308250427,0.0,1.0,0.0,0.0
2024-08-21,1,0,1,0,0.0,0.9523347020149232,0.0,1.0,0.0,0.0
2024-08-22,1,0,0,1,-1.0,0.9716139435768129,0.0,0.0,1.0,-1.0
2024-08-23,1,0,0,1,-1.0,0.9490066766738892,0.0,0.0,1.0,-1.0
2024-08-25,3,0,2,1,-0.3333333333333333,0.8922072251637777,0.0,0.6666666666666666,0.3333333333333333,-0.3333333333333333
2024-08-26,1,0,1,0,0.0,0.927072823047638,0.0,1.0,0.0,0.0
2024-08-27,2,0,2,0,0.0,0.9394270181655884,0.0,1.0,0.0,0.0
2024-08-28,1,0,0,1,-1.0,0.9681985974311828,0.0,0.0,1.0,-1.0
2024-08-29,1,0,0,1,-1.0,0.9749046564102172,0.0,0.0,1.0,-1.0
2024-08-30,1,0,0,1,-1.0,0.8890000581741333,0.0,0.0,1.0,-1.0
2024-09-01,2,0,1,1,-0.5,0.9572849869728088,0.0,0.5,0.5,-0.5
2024-09-03,2,0,1,1,-0.5,0.9558869898319244,0.0,0.5,0.5,-0.5
2024-09-06,3,0,2,1,-0.3333333333333333,0.9302236239115397,0.0,0.6666666666666666,0.3333333333333333,-0.3333333333333333
2024-09-09,1,0,1,0,0.0,0.8378405570983887,0.0,1.0,0.0,0.0
2024-09-10,2,0,2,0,0.0,0.8928360939025879,0.0,1.0,0.0,0.0
2024-09-11,1,0,1,0,0.0,0.9409629106521606,0.0,1.0,0.0,0.0
2024-09-12,1,0,1,0,0.0,0.9186789393424988,0.0,1.0,0.0,0.0
2024-09-13,2,0,2,0,0.0,0.9460472166538239,0.0,1.0,0.0,0.0
2024-09-16,1,0,1,0,0.0,0.9454753398895264,0.0,1.0,0.0,0.0
2024-09-17,1,0,1,0,0.0,0.9282301664352416,0.0,1.0,0.0,0.0
2024-09-18,2,0,1,1,-0.5,0.9609962105751038,0.0,0.5,0.5,-0.5
2024-09-19,1,0,1,0,0.0,0.9398909211158752,0.0,1.0,0.0,0.0
2024-09-20,1,0,0,1,-1.0,0.922642469406128,0.0,0.0,1.0,-1.0
2024-09-22,1,0,1,0,0.0,0.9421330690383912,0.0,1.0,0.0,0.0
2024-09-23,1,0,1,0,0.0,0.9425005912780762,0.0,1.0,0.0,0.0
2024-09-24,3,0,2,1,-0.3333333333333333,0.955098569393158,0.0,0.6666666666666666,0.3333333333333333,-0.3333333333333333
2024-09-25,2,0,2,0,0.0,0.9445078670978546,0.0,1.0,0.0,0.0
2024-09-26,4,0,3,1,-0.25,0.9458700120449066,0.0,0.75,0.25,-0.25
2024-09-27,2,0,1,1,-0.5,0.8217541873455048,0.0,0.5,0.5,-0.5
2024-09-29,1,0,1,0,0.0,0.937959372997284,0.0,1.0,0.0,0.0
2024-09-30,1,0,1,0,0.0,0.938979148864746,0.0,1.0,0.0,0.0
2024-10-01,3,0,3,0,0.0,0.9287060697873434,0.0,1.0,0.0,0.0
2024-10-02,1,0,1,0,0.0,0.9425379037857056,0.0,1.0,0.0,0.0
2024-10-03,1,0,1,0,0.0,0.9315760135650636,0.0,1.0,0.0,0.0
2024-10-04,1,0,0,1,-1.0,0.9375694394111632,0.0,0.0,1.0,-1.0
2024-10-08,2,0,2,0,0.0,0.9481931328773499,0.0,1.0,0.0,0.0
2024-10-09,2,0,1,1,-0.5,0.9305793046951294,0.0,0.5,0.5,-0.5
2024-10-10,1,0,1,0,0.0,0.9404380917549132,0.0,1.0,0.0,0.0
2024-10-15,1,1,0,0,1.0,0.8242424726486206,1.0,0.0,0.0,1.0
2024-10-18,2,0,2,0,0.0,0.9288734793663025,0.0,1.0,0.0,0.0
2024-10-22,1,0,1,0,0.0,0.8617488741874695,0.0,1.0,0.0,0.0
2024-10-23,1,0,0,1,-1.0,0.9602125883102416,0.0,0.0,1.0,-1.0
2024-10-24,2,0,1,1,-0.5,0.9540456831455231,0.0,0.5,0.5,-0.5
2024-10-25,5,0,4,1,-0.2,0.9436280846595764,0.0,0.8,0.2,-0.2
2024-10-27,2,0,2,0,0.0,0.9487658441066742,0.0,1.0,0.0,0.0
2024-10-28,1,0,0,1,-1.0,0.9556211829185486,0.0,0.0,1.0,-1.0
2024-10-29,3,0,2,1,-0.3333333333333333,0.9015269080797831,0.0,0.6666666666666666,0.3333333333333333,-0.3333333333333333
2024-10-30,3,0,3,0,0.0,0.946609616279602,0.0,1.0,0.0,0.0
2024-11-05,2,0,2,0,0.0,0.952183336019516,0.0,1.0,0.0,0.0
2024-11-07,1,0,1,0,0.0,0.9231589436531068,0.0,1.0,0.0,0.0
2024-11-08,1,0,1,0,0.0,0.6954218149185181,0.0,1.0,0.0,0.0
2024-11-10,1,0,1,0,0.0,0.9380362033843994,0.0,1.0,0.0,0.0
2024-11-11,3,1,2,0,0.3333333333333333,0.9436659614245096,0.3333333333333333,0.6666666666666666,0.0,0.3333333333333333
2024-11-14,2,0,2,0,0.0,0.9074758291244507,0.0,1.0,0.0,0.0
2024-11-15,1,0,0,1,-1.0,0.8805505633354187,0.0,0.0,1.0,-1.0
2024-11-18,1,0,1,0,0.0,0.749920129776001,0.0,1.0,0.0,0.0
2024-11-19,1,0,1,0,0.0,0.9471060037612916,0.0,1.0,0.0,0.0
2024-11-20,2,0,2,0,0.0,0.9484483003616333,0.0,1.0,0.0,0.0
2024-11-21,1,0,1,0,0.0,0.924497127532959,0.0,1.0,0.0,0.0
2024-11-22,2,0,1,1,-0.5,0.9447685480117798,0.0,0.5,0.5,-0.5
2024-11-24,4,1,3,0,0.25,0.9001799821853638,0.25,0.75,0.0,0.25
2024-11-25,1,0,1,0,0.0,0.8423569798469543,0.0,1.0,0.0,0.0
2024-11-26,3,0,3,0,0.0,0.9124637842178345,0.0,1.0,0.0,0.0
2024-11-29,2,0,1,1,-0.5,0.9390125274658203,0.0,0.5,0.5,-0.5
2024-12-01,3,0,3,0,0.0,0.910947581132253,0.0,1.0,0.0,0.0
2024-12-02,1,0,1,0,0.0,0.9451186060905457,0.0,1.0,0.0,0.0
2024-12-03,2,0,2,0,0.0,0.8897650241851807,0.0,1.0,0.0,0.0
2024-12-04,3,0,3,0,0.0,0.9206286072731018,0.0,1.0,0.0,0.0
2024-12-05,3,0,3,0,0.0,0.8964158892631531,0.0,1.0,0.0,0.0
2024-12-06,4,0,3,1,-0.25,0.8965197950601578,0.0,0.75,0.25,-0.25
2024-12-08,2,0,2,0,0.0,0.9199177026748658,0.0,1.0,0.0,0.0
2024-12-09,2,0,2,0,0.0,0.9455001652240754,0.0,1.0,0.0,0.0
2024-12-10,1,0,1,0,0.0,0.9430508613586426,0.0,1.0,0.0,0.0
2024-12-11,3,0,3,0,0.0,0.9342774351437887,0.0,1.0,0.0,0.0
2024-12-12,2,0,2,0,0.0,0.9008839726448059,0.0,1.0,0.0,0.0
2024-12-13,5,0,4,1,-0.2,0.9070311665534974,0.0,0.8,0.2,-0.2
2024-12-15,1,0,1,0,0.0,0.8143255710601807,0.0,1.0,0.0,0.0
2024-12-16,4,0,3,1,-0.25,0.9018775969743729,0.0,0.75,0.25,-0.25
2024-12-17,6,0,4,2,-0.3333333333333333,0.9123016993204752,0.0,0.6666666666666666,0.3333333333333333,-0.3333333333333333
2024-12-18,6,0,6,0,0.0,0.8533252527316412,0.0,1.0,0.0,0.0
2024-12-19,7,0,6,1,-0.14285714285714285,0.8866700955799648,0.0,0.8571428571428571,0.14285714285714285,-0.14285714285714285
2024-12-20,5,0,4,1,-0.2,0.9255056619644165,0.0,0.8,0.2,-0.2
2024-12-21,1,0,1,0,0.0,0.9247342348098756,0.0,1.0,0.0,0.0
2024-12-22,3,0,3,0,0.0,0.9395495255788168,0.0,1.0,0.0,0.0
2024-12-23,2,0,2,0,0.0,0.9236186146736146,0.0,1.0,0.0,0.0
2024-12-27,2,0,1,1,-0.5,0.9087706208229065,0.0,0.5,0.5,-0.5
2025-01-02,1,0,1,0,0.0,0.9426560997962952,0.0,1.0,0.0,0.0
2025-01-03,3,0,1,2,-0.6666666666666666,0.777501622835795,0.0,0.3333333333333333,0.6666666666666666,-0.6666666666666666
2025-01-05,1,0,1,0,0.0,0.9438912868499756,0.0,1.0,0.0,0.0
2025-01-06,1,0,1,0,0.0,0.6790583729743958,0.0,1.0,0.0,0.0
2025-01-12,4,0,3,1,-0.25,0.9225381910800934,0.0,0.75,0.25,-0.25
2025-01-13,1,0,1,0,0.0,0.9403088688850404,0.0,1.0,0.0,0.0
2025-01-14,1,0,1,0,0.0,0.9344202280044556,0.0,1.0,0.0,0.0
2025-01-15,1,0,0,1,-1.0,0.947558045387268,0.0,0.0,1.0,-1.0
2025-01-16,1,0,0,1,-1.0,0.9701970815658568,0.0,0.0,1.0,-1.0
2025-01-17,1,0,0,1,-1.0,0.9386578798294068,0.0,0.0,1.0,-1.0
2025-01-19,2,0,1,1,-0.5,0.928189605474472,0.0,0.5,0.5,-0.5
2025-01-21,1,0,0,1,-1.0,0.9720057845115662,0.0,0.0,1.0,-1.0
2025-01-22,2,0,1,1,-0.5,0.8404826521873474,0.0,0.5,0.5,-0.5
2025-01-23,1,0,1,0,0.0,0.9373387098312378,0.0,1.0,0.0,0.0
2025-01-24,1,0,1,0,0.0,0.9392799735069276,0.0,1.0,0.0,0.0
2025-01-29,1,0,1,0,0.0,0.929561972618103,0.0,1.0,0.0,0.0
2025-01-31,1,0,0,1,-1.0,0.919021725654602,0.0,0.0,1.0,-1.0
2025-02-04,1,0,1,0,0.0,0.9437220096588136,0.0,1.0,0.0,0.0
2025-02-06,2,0,2,0,0.0,0.8876047432422638,0.0,1.0,0.0,0.0
2025-02-07,3,0,2,1,-0.3333333333333333,0.9409473339716593,0.0,0.6666666666666666,0.3333333333333333,-0.3333333333333333
2025-02-11,2,0,2,0,0.0,0.9543774425983429,0.0,1.0,0.0,0.0
2025-02-13,1,1,0,0,1.0,0.7548402547836304,1.0,0.0,0.0,1.0
2025-02-14,3,0,2,1,-0.3333333333333333,0.9558643698692322,0.0,0.6666666666666666,0.3333333333333333,-0.3333333333333333
2025-02-20,1,0,1,0,0.0,0.7898106575012207,0.0,1.0,0.0,0.0
2025-02-21,1,0,1,0,0.0,0.9468052387237548,0.0,1.0,0.0,0.0
2025-02-23,1,0,1,0,0.0,0.9295796751976012,0.0,1.0,0.0,0.0
2025-02-24,2,0,2,0,0.0,0.8819191157817841,0.0,1.0,0.0,0.0
2025-02-28,1,0,0,1,-1.0,0.5725749731063843,0.0,0.0,1.0,-1.0
2025-03-06,1,0,1,0,0.0,0.9455126523971558,0.0,1.0,0.0,0.0
2025-03-07,1,0,0,1,-1.0,0.868963897228241,0.0,0.0,1.0,-1.0
2025-03-09,2,0,2,0,0.0,0.8874152600765228,0.0,1.0,0.0,0.0
2025-03-10,2,0,1,1,-0.5,0.9485534727573395,0.0,0.5,0.5,-0.5
2025-03-11,1,0,1,0,0.0,0.7730305790901184,0.0,1.0,0.0,0.0
2025-03-12,1,0,1,0,0.0,0.9307398200035096,0.0,1.0,0.0,0.0
2025-03-13,1,0,1,0,0.0,0.9147998094558716,0.0,1.0,0.0,0.0
2025-03-16,1,0,1,0,0.0,0.939696729183197,0.0,1.0,0.0,0.0
2025-03-21,3,0,2,1,-0.3333333333333333,0.8933558265368143,0.0,0.6666666666666666,0.3333333333333333,-0.3333333333333333
2025-03-23,2,0,1,1,-0.5,0.9546830356121064,0.0,0.5,0.5,-0.5
2025-03-24,1,0,0,1,-1.0,0.898728609085083,0.0,0.0,1.0,-1.0
2025-03-28,1,0,0,1,-1.0,0.9305463433265686,0.0,0.0,1.0,-1.0
2025-03-31,1,0,1,0,0.0,0.9257295727729796,0.0,1.0,0.0,0.0
2025-04-04,1,0,0,1,-1.0,0.9383101463317872,0.0,0.0,1.0,-1.0
2025-04-06,1,0,1,0,0.0,0.9332361817359924,0.0,1.0,0.0,0.0
2025-04-07,1,0,1,0,0.0,0.8004605174064636,0.0,1.0,0.0,0.0
2025-04-09,1,0,1,0,0.0,0.949887990951538,0.0,1.0,0.0,0.0
2025-04-13,2,0,1,1,-0.5,0.9150473773479462,0.0,0.5,0.5,-0.5
2025-04-18,1,0,0,1,-1.0,0.944718599319458,0.0,0.0,1.0,-1.0
2025-04-20,1,0,0,1,-1.0,0.964687705039978,0.0,0.0,1.0,-1.0
2025-04-21,1,0,1,0,0.0,0.9572213292121888,0.0,1.0,0.0,0.0
2025-04-22,2,0,1,1,-0.5,0.9613200426101685,0.0,0.5,0.5,-0.5
2025-04-23,1,0,0,1,-1.0,0.9638240337371826,0.0,0.0,1.0,-1.0
2025-04-24,2,0,1,1,-0.5,0.9511867761611938,0.0,0.5,0.5,-0.5
2025-04-25,3,0,2,1,-0.3333333333333333,0.8816799918810526,0.0,0.6666666666666666,0.3333333333333333,-0.3333333333333333
2025-04-27,1,0,0,1,-1.0,0.967236578464508,0.0,0.0,1.0,-1.0
2025-04-28,2,0,1,1,-0.5,0.954320877790451,0.0,0.5,0.5,-0.5
2025-04-30,1,0,0,1,-1.0,0.9707114696502686,0.0,0.0,1.0,-1.0
2025-05-01,1,0,1,0,0.0,0.810937225818634,0.0,1.0,0.0,0.0
2025-05-02,1,0,0,1,-1.0,0.9492309093475342,0.0,0.0,1.0,-1.0
2025-05-06,1,0,1,0,0.0,0.9401177763938904,0.0,1.0,0.0,0.0
2025-05-07,1,0,1,0,0.0,0.9448735117912292,0.0,1.0,0.0,0.0
2025-05-09,1,0,0,1,-1.0,0.9362399578094482,0.0,0.0,1.0,-1.0
2025-05-11,1,0,1,0,0.0,0.7701377868652344,0.0,1.0,0.0,0.0
2025-05-12,1,0,1,0,0.0,0.9394882321357728,0.0,1.0,0.0,0.0
2025-05-14,1,0,1,0,0.0,0.9336093664169312,0.0,1.0,0.0,0.0
2025-05-15,1,0,1,0,0.0,0.9448126554489136,0.0,1.0,0.0,0.0
2025-05-16,3,0,2,1,-0.3333333333333333,0.9509282906850179,0.0,0.6666666666666666,0.3333333333333333,-0.3333333333333333
2025-05-18,1,0,0,1,-1.0,0.9673222899436952,0.0,0.0,1.0,-1.0
2025-05-19,1,0,0,1,-1.0,0.8508904576301575,0.0,0.0,1.0,-1.0
2025-05-20,1,1,0,0,1.0,0.5836877226829529,1.0,0.0,0.0,1.0
2025-05-21,2,0,1,1,-0.5,0.9620776772499084,0.0,0.5,0.5,-0.5
2025-05-22,1,0,0,1,-1.0,0.8191986680030823,0.0,0.0,1.0,-1.0
2025-05-23,1,0,0,1,-1.0,0.9270155429840088,0.0,0.0,1.0,-1.0
2025-05-25,2,0,1,1,-0.5,0.9538672864437103,0.0,0.5,0.5,-0.5
2025-05-26,3,1,1,1,0.0,0.9386202096939087,0.3333333333333333,0.3333333333333333,0.3333333333333333,0.0
2025-05-27,1,0,0,1,-1.0,0.833490788936615,0.0,0.0,1.0,-1.0
2025-05-28,3,0,2,1,-0.3333333333333333,0.8184293905893961,0.0,0.6666666666666666,0.3333333333333333,-0.3333333333333333
2025-05-29,1,0,1,0,0.0,0.9046621918678284,0.0,1.0,0.0,0.0
2025-05-30,1,0,0,1,-1.0,0.9281933903694152,0.0,0.0,1.0,-1.0
2025-06-02,2,1,1,0,0.5,0.7536165714263916,0.5,0.5,0.0,0.5
2025-06-03,2,0,1,1,-0.5,0.961313784122467,0.0,0.5,0.5,-0.5
2025-06-06,1,0,0,1,-1.0,0.8771631121635437,0.0,0.0,1.0,-1.0
2025-06-09,1,0,1,0,0.0,0.9500983953475952,0.0,1.0,0.0,0.0
2025-06-11,1,0,1,0,0.0,0.8348536491394043,0.0,1.0,0.0,0.0
2025-06-12,1,0,0,1,-1.0,0.9654630422592164,0.0,0.0,1.0,-1.0
2025-06-13,1,0,0,1,-1.0,0.9255778193473816,0.0,0.0,1.0,-1.0
2025-06-15,1,1,0,0,1.0,0.8745114207267761,1.0,0.0,0.0,1.0
2025-06-16,1,0,1,0,0.0,0.9450917840003968,0.0,1.0,0.0,0.0
2025-06-19,1,0,1,0,0.0,0.9491256475448608,0.0,1.0,0.0,0.0
2025-06-20,1,0,0,1,-1.0,0.893110454082489,0.0,0.0,1.0,-1.0
2025-07-14,2,0,2,0,0.0,0.763261467218399,0.0,1.0,0.0,0.0
2025-07-16,1,0,0,1,-1.0,0.932646632194519,0.0,0.0,1.0,-1.0
2025-07-17,1,0,1,0,0.0,0.5075714588165283,0.0,1.0,0.0,0.0
2025-07-18,2,0,1,1,-0.5,0.9523943066596985,0.0,0.5,0.5,-0.5
2025-07-20,1,1,0,0,1.0,0.8954393267631531,1.0,0.0,0.0,1.0
2025-07-23,1,0,1,0,0.0,0.8327109217643738,0.0,1.0,0.0,0.0
2025-07-25,1,0,0,1,-1.0,0.9278462529182434,0.0,0.0,1.0,-1.0
2025-07-27,1,0,1,0,0.0,0.5104625225067139,0.0,1.0,0.0,0.0
2025-08-03,1,0,1,0,0.0,0.9443066120147704,0.0,1.0,0.0,0.0
2025-08-06,1,0,1,0,0.0,0.848015308380127,0.0,1.0,0.0,0.0
2025-08-08,1,0,0,1,-1.0,0.9519782066345216,0.0,0.0,1.0,-1.0
2025-08-10,1,0,1,0,0.0,0.9112906455993652,0.0,1.0,0.0,0.0
2025-08-13,3,1,2,0,0.3333333333333333,0.8990628719329834,0.3333333333333333,0.6666666666666666,0.0,0.3333333333333333
2025-08-15,1,0,0,1,-1.0,0.957230269908905,0.0,0.0,1.0,-1.0
2025-08-19,2,0,2,0,0.0,0.9429960548877716,0.0,1.0,0.0,0.0
2025-08-22,1,0,0,1,-1.0,0.955796718597412,0.0,0.0,1.0,-1.0
2025-08-27,2,1,1,0,0.5,0.9005272686481476,0.5,0.5,0.0,0.5
2025-08-28,1,0,1,0,0.0,0.8585180044174194,0.0,1.0,0.0,0.0
2025-08-29,5,0,3,2,-0.4,0.8801264762878418,0.0,0.6,0.4,-0.4
2025-08-31,1,0,1,0,0.0,0.9532973766326904,0.0,1.0,0.0,0.0
2025-09-01,2,0,2,0,0.0,0.788009762763977,0.0,1.0,0.0,0.0
2025-09-02,1,0,1,0,0.0,0.8824918270111084,0.0,1.0,0.0,0.0
2025-09-04,1,0,1,0,0.0,0.950687050819397,0.0,1.0,0.0,0.0
2025-09-05,2,0,1,1,-0.5,0.9533747136592864,0.0,0.5,0.5,-0.5
2025-09-07,2,0,2,0,0.0,0.7848763465881348,0.0,1.0,0.0,0.0
2025-09-10,1,0,0,1,-1.0,0.8423271179199219,0.0,0.0,1.0,-1.0
2025-09-12,1,0,0,1,-1.0,0.6038070321083069,0.0,0.0,1.0,-1.0
2025-09-15,1,0,1,0,0.0,0.9514509439468384,0.0,1.0,0.0,0.0
2025-09-16,3,0,1,2,-0.6666666666666666,0.8659187952677408,0.0,0.3333333333333333,0.6666666666666666,-0.6666666666666666
2025-09-17,1,1,0,0,1.0,0.6381421089172363,1.0,0.0,0.0,1.0
2025-09-18,3,0,3,0,0.0,0.9461183746655782,0.0,1.0,0.0,0.0
2025-09-21,1,0,1,0,0.0,0.9430856108665466,0.0,1.0,0.0,0.0
2025-09-22,1,0,1,0,0.0,0.9320194125175476,0.0,1.0,0.0,0.0
2025-09-24,1,0,1,0,0.0,0.9362382888793944,0.0,1.0,0.0,0.0
2025-09-25,1,0,1,0,0.0,0.9411303400993348,0.0,1.0,0.0,0.0
2025-09-26,3,0,2,1,-0.3333333333333333,0.9315687219301859,0.0,0.6666666666666666,0.3333333333333333,-0.3333333333333333
2025-09-28,1,0,1,0,0.0,0.9300596714019777,0.0,1.0,0.0,0.0
2025-09-29,1,0,1,0,0.0,0.937581181526184,0.0,1.0,0.0,0.0
2025-10-04,1,0,0,1,-1.0,0.5561148524284363,0.0,0.0,1.0,-1.0
2025-10-06,4,0,0,4,-1.0,0.8638277351856232,0.0,0.0,1.0,-1.0
2025-10-08,5,0,1,4,-0.8,0.9332469344139099,0.0,0.2,0.8,-0.8
2025-10-09,1,0,0,1,-1.0,0.9491206407546996,0.0,0.0,1.0,-1.0
2025-10-10,1,0,0,1,-1.0,0.9108466506004332,0.0,0.0,1.0,-1.0
2025-10-13,2,0,1,1,-0.5,0.9151285290718079,0.0,0.5,0.5,-0.5
2025-10-14,1,1,0,0,1.0,0.5097905397415161,1.0,0.0,0.0,1.0
2025-10-16,1,0,1,0,0.0,0.938004195690155,0.0,1.0,0.0,0.0
2025-10-17,3,0,1,2,-0.6666666666666666,0.854613741238912,0.0,0.3333333333333333,0.6666666666666666,-0.6666666666666666
2025-10-20,1,0,1,0,0.0,0.9384506940841676,0.0,1.0,0.0,0.0
2025-10-26,2,0,1,1,-0.5,0.8438409864902496,0.0,0.5,0.5,-0.5
2025-10-27,1,0,1,0,0.0,0.9108009338378906,0.0,1.0,0.0,0.0
2025-10-29,2,0,2,0,0.0,0.9310734570026398,0.0,1.0,0.0,0.0
2025-10-30,2,0,2,0,0.0,0.9393832385540009,0.0,1.0,0.0,0.0
2025-10-31,1,0,0,1,-1.0,0.9371029138565063,0.0,0.0,1.0,-1.0
2025-11-02,1,0,1,0,0.0,0.9490047693252563,0.0,1.0,0.0,0.0
2025-11-03,1,0,1,0,0.0,0.948409378528595,0.0,1.0,0.0,0.0
2025-11-05,1,0,1,0,0.0,0.9496154189109802,0.0,1.0,0.0,0.0
2025-11-06,1,0,1,0,0.0,0.936537742614746,0.0,1.0,0.0,0.0
2025-11-07,2,0,1,1,-0.5,0.9507717788219452,0.0,0.5,0.5,-0.5
2025-11-09,4,0,4,0,0.0,0.9287742674350739,0.0,1.0,0.0,0.0
2025-11-11,2,0,2,0,0.0,0.929741621017456,0.0,1.0,0.0,0.0
2025-11-12,2,0,2,0,0.0,0.9108313918113708,0.0,1.0,0.0,0.0
2025-11-13,1,0,1,0,0.0,0.9390738606452942,0.0,1.0,0.0,0.0
2025-11-14,1,0,0,1,-1.0,0.9375174641609192,0.0,0.0,1.0,-1.0
2025-11-16,5,0,5,0,0.0,0.929856026172638,0.0,1.0,0.0,0.0
2025-11-17,1,0,1,0,0.0,0.9403024911880492,0.0,1.0,0.0,0.0
2025-11-20,3,0,2,1,-0.3333333333333333,0.9386812249819437,0.0,0.6666666666666666,0.3333333333333333,-0.3333333333333333
2025-11-21,2,0,1,1,-0.5,0.8833371102809906,0.0,0.5,0.5,-0.5
2025-11-23,2,0,2,0,0.0,0.8951564729213715,0.0,1.0,0.0,0.0
2025-11-25,4,0,4,0,0.0,0.9227662980556488,0.0,1.0,0.0,0.0
2025-11-26,1,0,1,0,0.0,0.9519574642181396,0.0,1.0,0.0,0.0
2025-11-27,3,0,3,0,0.0,0.9319169521331787,0.0,1.0,0.0,0.0
2025-11-28,2,0,1,1,-0.5,0.9412135481834412,0.0,0.5,0.5,-0.5
2025-11-30,1,0,1,0,0.0,0.8842687010765076,0.0,1.0,0.0,0.0
2025-12-01,1,0,1,0,0.0,0.9505252838134766,0.0,1.0,0.0,0.0
2025-12-02,1,0,1,0,0.0,0.9538784027099608,0.0,1.0,0.0,0.0
2025-12-04,1,0,1,0,0.0,0.8390823006629944,0.0,1.0,0.0,0.0
2025-12-05,1,0,0,1,-1.0,0.9553661942481996,0.0,0.0,1.0,-1.0
2025-12-11,1,0,1,0,0.0,0.9446467757225036,0.0,1.0,0.0,0.0
2025-12-12,5,0,4,1,-0.2,0.9224371790885926,0.0,0.8,0.2,-0.2
2025-12-14,1,0,1,0,0.0,0.9434767961502076,0.0,1.0,0.0,0.0
2025-12-17,2,0,1,1,-0.5,0.9331180453300476,0.0,0.5,0.5,-0.5
2025-12-18,5,0,5,0,0.0,0.9447005629539488,0.0,1.0,0.0,0.0
2025-12-19,3,0,2,1,-0.3333333333333333,0.9375436107317606,0.0,0.6666666666666666,0.3333333333333333,-0.3333333333333333
2025-12-21,8,0,8,0,0.0,0.9364490434527397,0.0,1.0,0.0,0.0
2025-12-22,2,0,2,0,0.0,0.9462105929851532,0.0,1.0,0.0,0.0
2025-12-23,4,0,4,0,0.0,0.9435911476612091,0.0,1.0,0.0,0.0
2025-12-24,1,0,1,0,0.0,0.8608072400093079,0.0,1.0,0.0,0.0
2025-12-25,1,0,1,0,0.0,0.9253900647163392,0.0,1.0,0.0,0.0
2025-12-26,1,0,0,1,-1.0,0.9627131819725036,0.0,0.0,1.0,-1.0
2025-12-28,2,0,2,0,0.0,0.8533514440059662,0.0,1.0,0.0,0.0
2025-12-29,1,0,1,0,0.0,0.9224501848220824,0.0,1.0,0.0,0.0
2025-12-30,1,0,1,0,0.0,0.9456588625907898,0.0,1.0,0.0,0.0
2026-01-01,1,0,0,1,-1.0,0.8307790756225586,0.0,0.0,1.0,-1.0
2026-01-02,2,0,1,1,-0.5,0.943810373544693,0.0,0.5,0.5,-0.5
2026-01-05,4,0,3,1,-0.25,0.8902112990617752,0.0,0.75,0.25,-0.25
2026-01-06,4,0,1,3,-0.75,0.7569796144962311,0.0,0.25,0.75,-0.75
2026-01-07,1,0,1,0,0.0,0.819284975528717,0.0,1.0,0.0,0.0
2026-01-08,1,0,1,0,0.0,0.840881884098053,0.0,1.0,0.0,0.0
2026-01-09,2,0,1,1,-0.5,0.7143088430166245,0.0,0.5,0.5,-0.5
2026-01-11,1,0,1,0,0.0,0.9366555213928224,0.0,1.0,0.0,0.0
2026-01-12,1,0,0,1,-1.0,0.9134622812271118,0.0,0.0,1.0,-1.0
2026-01-15,1,0,1,0,0.0,0.9282791614532472,0.0,1.0,0.0,0.0
2026-01-16,1,0,1,0,0.0,0.5098130106925964,0.0,1.0,0.0,0.0
2026-01-19,1,0,1,0,0.0,0.9225155115127563,0.0,1.0,0.0,0.0
2026-01-21,1,0,1,0,0.0,0.8396393060684204,0.0,1.0,0.0,0.0
2026-01-22,2,0,2,0,0.0,0.8625822365283966,0.0,1.0,0.0,0.0
2026-01-23,1,0,1,0,0.0,0.5660654902458191,0.0,1.0,0.0,0.0
2026-01-26,1,0,1,0,0.0,0.9529365301132202,0.0,1.0,0.0,0.0
2026-01-30,1,0,0,1,-1.0,0.9366820454597472,0.0,0.0,1.0,-1.0
2026-02-03,1,0,1,0,0.0,0.8124533295631409,0.0,1.0,0.0,0.0
2026-02-04,1,0,1,0,0.0,0.9291537404060364,0.0,1.0,0.0,0.0
2026-02-05,1,1,0,0,1.0,0.5856101512908936,1.0,0.0,0.0,1.0
2026-02-06,3,0,2,1,-0.3333333333333333,0.9345147609710693,0.0,0.6666666666666666,0.3333333333333333,-0.3333333333333333
2026-02-08,1,0,1,0,0.0,0.9535831212997437,0.0,1.0,0.0,0.0
2026-02-12,1,0,0,1,-1.0,0.5044347643852234,0.0,0.0,1.0,-1.0
2026-02-13,2,0,1,1,-0.5,0.8987458646297455,0.0,0.5,0.5,-0.5
2026-02-15,1,0,1,0,0.0,0.930384397506714,0.0,1.0,0.0,0.0
2026-02-16,1,0,0,1,-1.0,0.819606363773346,0.0,0.0,1.0,-1.0
2026-02-18,1,0,1,0,0.0,0.9349506497383118,0.0,1.0,0.0,0.0
2026-02-20,1,0,0,1,-1.0,0.7452186346054077,0.0,0.0,1.0,-1.0
2026-02-23,1,0,1,0,0.0,0.8165528774261475,0.0,1.0,0.0,0.0
2026-02-27,1,0,0,1,-1.0,0.9547325968742372,0.0,0.0,1.0,-1.0
2026-03-01,1,0,1,0,0.0,0.7104003429412842,0.0,1.0,0.0,0.0
2026-03-02,1,0,1,0,0.0,0.914137363433838,0.0,1.0,0.0,0.0
2026-03-03,1,0,1,0,0.0,0.9504043459892272,0.0,1.0,0.0,0.0
2026-03-04,1,0,1,0,0.0,0.9203389883041382,0.0,1.0,0.0,0.0
2026-03-09,3,0,1,2,-0.6666666666666666,0.5961954692999522,0.0,0.3333333333333333,0.6666666666666666,-0.6666666666666666
2026-03-13,1,0,0,1,-1.0,0.9391372799873352,0.0,0.0,1.0,-1.0
2026-03-18,1,0,1,0,0.0,0.9338662624359132,0.0,1.0,0.0,0.0
2026-03-24,1,0,1,0,0.0,0.954673171043396,0.0,1.0,0.0,0.0
2026-03-25,1,1,0,0,1.0,0.5458110570907593,1.0,0.0,0.0,1.0
2026-03-29,3,0,2,1,-0.3333333333333333,0.9402626951535543,0.0,0.6666666666666666,0.3333333333333333,-0.3333333333333333
2026-03-30,1,0,1,0,0.0,0.9517902135849,0.0,1.0,0.0,0.0
2026-03-31,3,0,1,2,-0.6666666666666666,0.9530202150344849,0.0,0.3333333333333333,0.6666666666666666,-0.6666666666666666
2026-04-01,2,0,1,1,-0.5,0.9368130266666412,0.0,0.5,0.5,-0.5
2026-04-02,2,0,0,2,-1.0,0.9064592123031616,0.0,0.0,1.0,-1.0
2026-04-05,2,0,1,1,-0.5,0.8376705348491669,0.0,0.5,0.5,-0.5
2026-04-06,1,1,0,0,1.0,0.9178270697593688,1.0,0.0,0.0,1.0
2026-04-07,1,0,0,1,-1.0,0.9723454713821412,0.0,0.0,1.0,-1.0
2026-04-08,2,0,1,1,-0.5,0.9236698746681213,0.0,0.5,0.5,-0.5
2026-04-10,3,2,1,0,0.6666666666666666,0.7785906593004862,0.6666666666666666,0.3333333333333333,0.0,0.6666666666666666
2026-04-12,2,0,2,0,0.0,0.8452189862728119,0.0,1.0,0.0,0.0
2026-04-13,3,0,2,1,-0.3333333333333333,0.938995401064555,0.0,0.6666666666666666,0.3333333333333333,-0.3333333333333333
2026-04-14,1,0,1,0,0.0,0.93209046125412,0.0,1.0,0.0,0.0
2026-04-16,2,1,0,1,0.0,0.8451379537582397,0.5,0.0,0.5,0.0
2026-04-17,1,0,1,0,0.0,0.6476427912712097,0.0,1.0,0.0,0.0
2026-04-20,1,0,1,0,0.0,0.6534751057624817,0.0,1.0,0.0,0.0
2026-04-26,1,0,0,1,-1.0,0.5257092118263245,0.0,0.0,1.0,-1.0
2026-04-27,2,0,2,0,0.0,0.8849627077579498,0.0,1.0,0.0,0.0
2026-04-29,1,0,0,1,-1.0,0.9689590334892272,0.0,0.0,1.0,-1.0
2026-05-01,1,0,1,0,0.0,0.913180947303772,0.0,1.0,0.0,0.0
2026-05-03,2,0,1,1,-0.5,0.9009169042110443,0.0,0.5,0.5,-0.5
2026-05-10,1,0,1,0,0.0,0.8945396542549133,0.0,1.0,0.0,0.0
2026-05-13,1,0,1,0,0.0,0.8220007419586182,0.0,1.0,0.0,0.0
2026-05-14,1,0,0,1,-1.0,0.9476137757301332,0.0,0.0,1.0,-1.0
2026-05-17,1,0,0,1,-1.0,0.9282850027084352,0.0,0.0,1.0,-1.0
2026-05-18,1,0,1,0,0.0,0.9097967147827148,0.0,1.0,0.0,0.0
2026-05-19,1,0,0,1,-1.0,0.966112732887268,0.0,0.0,1.0,-1.0
2026-05-24,1,0,0,1,-1.0,0.9055204391479492,0.0,0.0,1.0,-1.0
2026-05-28,1,0,1,0,0.0,0.9148688316345216,0.0,1.0,0.0,0.0
2026-05-29,3,1,2,0,0.3333333333333333,0.8849484721819559,0.3333333333333333,0.6666666666666666,0.0,0.3333333333333333
2026-05-31,1,0,1,0,0.0,0.5125412940979004,0.0,1.0,0.0,0.0
2026-06-02,5,0,3,2,-0.4,0.8827196002006531,0.0,0.6,0.4,-0.4
2026-06-03,1,0,1,0,0.0,0.8121570944786072,0.0,1.0,0.0,0.0
2026-06-07,1,0,0,1,-1.0,0.9330015182495116,0.0,0.0,1.0,-1.0
2026-06-08,1,0,1,0,0.0,0.8515738844871521,0.0,1.0,0.0,0.0
2026-06-09,2,0,1,1,-0.5,0.9537381529808044,0.0,0.5,0.5,-0.5
2026-06-10,1,0,0,1,-1.0,0.9672018885612488,0.0,0.0,1.0,-1.0
2026-06-11,1,0,0,1,-1.0,0.9541141390800476,0.0,0.0,1.0,-1.0
2026-06-12,1,0,0,1,-1.0,0.9643877148628236,0.0,0.0,1.0,-1.0
2026-06-14,1,0,0,1,-1.0,0.5117645263671875,0.0,0.0,1.0,-1.0
2026-06-15,3,0,1,2,-0.6666666666666666,0.8234840432802836,0.0,0.3333333333333333,0.6666666666666666,-0.6666666666666666
2026-06-16,1,0,0,1,-1.0,0.9667173027992249,0.0,0.0,1.0,-1.0
2026-06-17,3,0,2,1,-0.3333333333333333,0.9371140400568644,0.0,0.6666666666666666,0.3333333333333333,-0.3333333333333333
2026-06-18,1,0,0,1,-1.0,0.965100347995758,0.0,0.0,1.0,-1.0
2026-06-19,2,0,2,0,0.0,0.9041726887226105,0.0,1.0,0.0,0.0
2026-06-21,1,0,0,1,-1.0,0.9498745203018188,0.0,0.0,1.0,-1.0
2026-06-22,1,0,0,1,-1.0,0.9674296975135804,0.0,0.0,1.0,-1.0
2026-06-23,1,0,1,0,0.0,0.927073299884796,0.0,1.0,0.0,0.0
2026-06-26,1,0,1,0,0.0,0.7539557814598083,0.0,1.0,0.0,0.0
2026-06-28,1,0,0,1,-1.0,0.9447073340415956,0.0,0.0,1.0,-1.0
