DATE,NEPSE,
1-Apr-04,195.1,
2-Apr-04,195.2,
5-Apr-04,196.1,
6-Apr-04,197.3,
7-Apr-04,198.9,
8-Apr-04,199.4,
9-Apr-04,199.5,
12-Apr-04,201.2,
14-Apr-04,202.9,
15-Apr-04,202.1,
16-Apr-04,202.5,
19-Apr-04,202.7,
20-Apr-04,203.1,
21-Apr-04,203.2,
22-Apr-04,203.8,
23-Apr-04,204.1,
26-Apr-04,204.4,
27-Apr-04,204.6,
28-Apr-04,204.6,
29-Apr-04,205.3,
30-Apr-04,205.2,
3-May-04,205.1,
5-May-04,201.0,
6-May-04,201.1,
7-May-04,201.3,
10-May-04,201.5,
11-May-04,201.5,
12-May-04,202.1,
13-May-04,204.4,
14-May-04,204.4,
17-May-04,204.8,
18-May-04,205.1,
19-May-04,205.0,
20-May-04,205.3,
21-May-04,205.1,
24-May-04,205.6,
25-May-04,206.1,
26-May-04,206.3,
27-May-04,206.9,
28-May-04,204.0,
31-May-04,207.4,
1-Jun-04,205.3,
2-Jun-04,208.5,
3-Jun-04,209.1,
4-Jun-04,209.5,
7-Jun-04,210.5,
8-Jun-04,211.8,
9-Jun-04,214.3,
10-Jun-04,216.8,
11-Jun-04,216.4,
14-Jun-04,213.1,
15-Jun-04,211.3,
16-Jun-04,211.5,
21-Jun-04,211.5,
22-Jun-04,213.3,
23-Jun-04,215.1,
24-Jun-04,216.5,
25-Jun-04,217.5,
28-Jun-04,217.4,
29-Jun-04,217.7,
30-Jun-04,218.7,
1-Jul-04,219.4,
2-Jul-04,220.8,
5-Jul-04,225.2,
6-Jul-04,227.8,
8-Jul-04,226.9,
9-Jul-04,226.3,
12-Jul-04,226.2,
13-Jul-04,226.4,
14-Jul-04,226.6,
15-Jul-04,222.0,
16-Jul-04,222.7,
19-Jul-04,223.5,
20-Jul-04,224.4,
21-Jul-04,224.4,
22-Jul-04,223.4,
23-Jul-04,224.1,
27-Jul-04,224.6,
28-Jul-04,224.9,
29-Jul-04,225.5,
30-Jul-04,226.7,
2-Aug-04,227.3,
3-Aug-04,228.8,
4-Aug-04,230.2,
5-Aug-04,231.1,
6-Aug-04,232.4,
9-Aug-04,232.5,
10-Aug-04,233.5,
11-Aug-04,235.7,
12-Aug-04,236.8,
13-Aug-04,239.6,
16-Aug-04,241.5,
17-Aug-04,241.6,
18-Aug-04,241.2,
19-Aug-04,239.1,
20-Aug-04,237.4,
23-Aug-04,236.3,
24-Aug-04,234.0,
25-Aug-04,235.8,
26-Aug-04,237.0,
27-Aug-04,237.8,
31-Aug-04,237.4,
7-Sep-04,235.6,
8-Sep-04,234.1,
9-Sep-04,231.8,
10-Sep-04,231.3,
13-Sep-04,230.9,
14-Sep-04,230.0,
15-Sep-04,230.7,
16-Sep-04,234.6,
17-Sep-04,237.2,
20-Sep-04,236.8,
21-Sep-04,235.5,
22-Sep-04,234.1,
23-Sep-04,233.5,
24-Sep-04,233.4,
28-Sep-04,233.1,
29-Sep-04,233.6,
30-Sep-04,234.1,
1-Oct-04,234.0,
4-Oct-04,234.1,
5-Oct-04,234.0,
6-Oct-04,234.1,
7-Oct-04,233.9,
8-Oct-04,233.8,
11-Oct-04,233.7,
12-Oct-04,232.4,
13-Oct-04,232.3,
14-Oct-04,231.3,
18-Oct-04,231.8,
19-Oct-04,232.4,
26-Oct-04,232.0,
27-Oct-04,232.1,
28-Oct-04,232.1,
29-Oct-04,232.4,
1-Nov-04,232.9,
2-Nov-04,233.5,
3-Nov-04,233.6,
4-Nov-04,232.8,
5-Nov-04,232.4,
9-Nov-04,232.4,
10-Nov-04,233.8,
11-Nov-04,234.8,
15-Nov-04,235.1,
16-Nov-04,235.4,
17-Nov-04,236.1,
18-Nov-04,237.2,
19-Nov-04,238.0,
22-Nov-04,239.2,
23-Nov-04,240.4,
24-Nov-04,241.3,
25-Nov-04,241.6,
26-Nov-04,241.6,
29-Nov-04,241.0,
30-Nov-04,238.9,
1-Dec-04,237.4,
2-Dec-04,238.0,
3-Dec-04,237.6,
6-Dec-04,237.7,
7-Dec-04,238.1,
8-Dec-04,235.6,
9-Dec-04,236.5,
10-Dec-04,236.7,
13-Dec-04,237.0,
14-Dec-04,236.8,
15-Dec-04,236.4,
16-Dec-04,237.0,
17-Dec-04,237.5,
20-Dec-04,238.0,
21-Dec-04,238.5,
22-Dec-04,238.2,
23-Dec-04,238.2,
24-Dec-04,238.8,
27-Dec-04,239.2,
28-Dec-04,239.4,
29-Dec-04,238.3,
30-Dec-04,238.3,
31-Dec-04,238.3,
3-Jan-05,238.3,
4-Jan-05,235.7,
5-Jan-05,234.9,
6-Jan-05,235.2,
7-Jan-05,235.6,
10-Jan-05,236.0,
12-Jan-05,237.7,
13-Jan-05,239.6,
14-Jan-05,239.9,
17-Jan-05,239.9,
18-Jan-05,240.0,
19-Jan-05,240.3,
20-Jan-05,240.7,
21-Jan-05,242.1,
24-Jan-05,243.8,
25-Jan-05,245.3,
26-Jan-05,246.9,
27-Jan-05,247.2,
28-Jan-05,247.0,
31-Jan-05,247.4,
1-Feb-05,247.3,
2-Feb-05,246.9,
3-Feb-05,248.0,
4-Feb-05,250.8,
7-Feb-05,251.0,
8-Feb-05,251.7,
9-Feb-05,251.9,
10-Feb-05,253.9,
11-Feb-05,257.3,
14-Feb-05,259.1,
15-Feb-05,264.7,
16-Feb-05,267.1,
17-Feb-05,265.7,
21-Feb-05,263.7,
22-Feb-05,263.4,
23-Feb-05,264.4,
24-Feb-05,265.0,
25-Feb-05,265.5,
28-Feb-05,266.0,
1-Mar-05,268.4,
2-Mar-05,271.4,
3-Mar-05,273.6,
4-Mar-05,277.6,
7-Mar-05,279.5,
9-Mar-05,281.8,
10-Mar-05,283.4,
11-Mar-05,280.7,
14-Mar-05,278.5,
15-Mar-05,276.5,
16-Mar-05,274.7,
17-Mar-05,273.4,
18-Mar-05,274.4,
21-Mar-05,275.6,
22-Mar-05,277.1,
23-Mar-05,278.5,
24-Mar-05,278.9,
28-Mar-05,279.9,
29-Mar-05,281.1,
30-Mar-05,283.7,
31-Mar-05,284.3,
1-Apr-05,284.2,
4-Apr-05,285.5,
5-Apr-05,285.4,
6-Apr-05,286.5,
7-Apr-05,289.6,
8-Apr-05,291.1,
11-Apr-05,290.7,
12-Apr-05,291.8,
13-Apr-05,293.3,
18-Apr-05,293.7,
19-Apr-05,293.7,
20-Apr-05,292.6,
21-Apr-05,293.6,
24-Apr-05,294.0,
25-Apr-05,295.0,
26-Apr-05,294.4,
27-Apr-05,295.3,
28-Apr-05,294.3,
1-May-05,294.8,
2-May-05,296.1,
3-May-05,297.8,
4-May-05,298.8,
5-May-05,288.9,
9-May-05,288.8,
10-May-05,289.3,
11-May-05,285.3,
12-May-05,285.4,
15-May-05,285.5,
16-May-05,284.5,
17-May-05,283.1,
18-May-05,281.4,
19-May-05,280.4,
22-May-05,279.7,
24-May-05,276.9,
25-May-05,275.5,
26-May-05,276.4,
29-May-05,278.4,
30-May-05,279.1,
31-May-05,279.9,
1-Jun-05,280.2,
2-Jun-05,281.0,
5-Jun-05,281.6,
6-Jun-05,281.4,
7-Jun-05,281.0,
8-Jun-05,280.4,
9-Jun-05,280.1,
12-Jun-05,279.7,
13-Jun-05,278.8,
14-Jun-05,277.8,
15-Jun-05,277.8,
16-Jun-05,277.9,
19-Jun-05,277.9,
20-Jun-05,278.9,
21-Jun-05,280.8,
22-Jun-05,281.2,
26-Jun-05,280.8,
27-Jun-05,280.4,
28-Jun-05,281.1,
29-Jun-05,281.5,
30-Jun-05,281.2,
3-Jul-05,281.3,
4-Jul-05,281.3,
5-Jul-05,282.5,
6-Jul-05,284.3,
10-Jul-05,285.1,
11-Jul-05,285.0,
12-Jul-05,286.2,
13-Jul-05,286.4,
14-Jul-05,286.7,
17-Jul-05,287.9,
18-Jul-05,288.0,
19-Jul-05,289.9,
20-Jul-05,290.9,
24-Jul-05,292.0,
25-Jul-05,292.5,
26-Jul-05,294.3,
27-Jul-05,294.6,
28-Jul-05,295.9,
31-Jul-05,296.8,
1-Aug-05,299.6,
2-Aug-05,300.9,
3-Aug-05,305.2,
4-Aug-05,305.9,
7-Aug-05,305.2,
8-Aug-05,300.6,
9-Aug-05,297.7,
10-Aug-05,297.8,
11-Aug-05,300.8,
14-Aug-05,300.9,
15-Aug-05,300.6,
16-Aug-05,300.1,
17-Aug-05,298.9,
18-Aug-05,297.1,
21-Aug-05,295.5,
22-Aug-05,293.7,
23-Aug-05,289.6,
24-Aug-05,292.1,
25-Aug-05,293.6,
28-Aug-05,293.9,
29-Aug-05,293.3,
30-Aug-05,291.6,
31-Aug-05,290.6,
1-Sep-05,289.4,
4-Sep-05,293.4,
5-Sep-05,296.8,
6-Sep-05,298.3,
7-Sep-05,298.2,
8-Sep-05,296.2,
11-Sep-05,295.0,
12-Sep-05,293.8,
13-Sep-05,293.8,
14-Sep-05,293.9,
15-Sep-05,293.4,
18-Sep-05,292.7,
19-Sep-05,293.1,
20-Sep-05,292.9,
21-Sep-05,293.7,
22-Sep-05,294.1,
25-Sep-05,294.9,
26-Sep-05,294.7,
27-Sep-05,296.2,
28-Sep-05,297.2,
29-Sep-05,297.0,
2-Oct-05,296.4,
5-Oct-05,296.6,
6-Oct-05,297.0,
9-Oct-05,297.3,
18-Oct-05,297.7,
19-Oct-05,298.1,
20-Oct-05,298.4,
23-Oct-05,302.8,
24-Oct-05,306.6,
25-Oct-05,305.3,
26-Oct-05,305.0,
27-Oct-05,305.7,
30-Oct-05,307.6,
31-Oct-05,307.2,
6-Nov-05,307.4,
7-Nov-05,303.9,
8-Nov-05,306.2,
10-Nov-05,308.0,
13-Nov-05,306.2,
14-Nov-05,305.0,
15-Nov-05,302.4,
16-Nov-05,300.6,
17-Nov-05,300.6,
20-Nov-05,300.6,
21-Nov-05,302.0,
22-Nov-05,302.2,
23-Nov-05,300.8,
24-Nov-05,301.2,
27-Nov-05,301.1,
28-Nov-05,301.7,
29-Nov-05,301.0,
30-Nov-05,300.5,
1-Dec-05,301.8,
4-Dec-05,301.7,
5-Dec-05,302.0,
6-Dec-05,298.0,
7-Dec-05,297.5,
8-Dec-05,299.1,
11-Dec-05,299.8,
12-Dec-05,299.7,
13-Dec-05,300.7,
14-Dec-05,302.2,
15-Dec-05,303.1,
18-Dec-05,304.0,
19-Dec-05,305.0,
20-Dec-05,306.6,
21-Dec-05,308.1,
22-Dec-05,308.7,
25-Dec-05,300.5,
26-Dec-05,299.9,
27-Dec-05,301.1,
28-Dec-05,301.6,
29-Dec-05,302.8,
1-Jan-06,303.3,
2-Jan-06,304.2,
3-Jan-06,305.4,
4-Jan-06,305.9,
5-Jan-06,305.6,
8-Jan-06,305.4,
9-Jan-06,305.7,
10-Jan-06,305.6,
12-Jan-06,305.5,
15-Jan-06,305.7,
16-Jan-06,305.9,
17-Jan-06,305.9,
18-Jan-06,306.2,
19-Jan-06,305.3,
22-Jan-06,305.3,
23-Jan-06,305.7,
24-Jan-06,306.5,
25-Jan-06,306.1,
26-Jan-06,306.3,
30-Jan-06,306.9,
31-Jan-06,309.0,
1-Feb-06,308.3,
2-Feb-06,308.9,
5-Feb-06,309.1,
6-Feb-06,309.1,
7-Feb-06,310.3,
9-Feb-06,312.6,
12-Feb-06,317.7,
13-Feb-06,326.0,
14-Feb-06,329.4,
15-Feb-06,325.9,
16-Feb-06,324.9,
20-Feb-06,325.4,
21-Feb-06,327.5,
22-Feb-06,329.8,
23-Feb-06,333.0,
27-Feb-06,337.6,
28-Feb-06,341.1,
1-Mar-06,343.3,
2-Mar-06,339.6,
5-Mar-06,339.6,
6-Mar-06,334.4,
7-Mar-06,332.3,
8-Mar-06,335.4,
9-Mar-06,337.9,
12-Mar-06,337.3,
13-Mar-06,339.8,
15-Mar-06,339.7,
16-Mar-06,339.3,
19-Mar-06,339.6,
20-Mar-06,340.0,
21-Mar-06,339.0,
22-Mar-06,338.9,
23-Mar-06,338.7,
26-Mar-06,338.0,
27-Mar-06,337.5,
28-Mar-06,337.6,
30-Mar-06,337.5,
2-Apr-06,336.7,
3-Apr-06,334.9,
4-Apr-06,334.2,
5-Apr-06,334.8,
16-Apr-06,334.3,
17-Apr-06,331.9,
25-Apr-06,338.5,
26-Apr-06,343.3,
30-Apr-06,361.6,
1-May-06,374.9,
2-May-06,372.5,
3-May-06,368.0,
4-May-06,366.9,
7-May-06,368.7,
8-May-06,371.0,
9-May-06,375.2,
10-May-06,377.5,
11-May-06,381.7,
14-May-06,385.9,
15-May-06,388.5,
16-May-06,387.9,
17-May-06,384.6,
18-May-06,384.1,
21-May-06,382.7,
22-May-06,378.2,
23-May-06,372.5,
24-May-06,370.9,
25-May-06,368.9,
28-May-06,375.6,
29-May-06,380.2,
30-May-06,372.6,
31-May-06,371.7,
1-Jun-06,372.0,
4-Jun-06,372.1,
5-Jun-06,371.5,
6-Jun-06,370.8,
7-Jun-06,369.6,
8-Jun-06,370.8,
11-Jun-06,371.6,
12-Jun-06,371.7,
13-Jun-06,370.8,
14-Jun-06,372.0,
15-Jun-06,372.2,
18-Jun-06,374.1,
19-Jun-06,375.5,
20-Jun-06,377.0,
21-Jun-06,378.7,
22-Jun-06,378.9,
25-Jun-06,378.5,
26-Jun-06,377.6,
27-Jun-06,375.5,
28-Jun-06,374.7,
29-Jun-06,375.1,
2-Jul-06,376.8,
3-Jul-06,378.7,
4-Jul-06,380.4,
5-Jul-06,382.0,
6-Jul-06,383.9,
9-Jul-06,384.6,
10-Jul-06,385.3,
12-Jul-06,386.6,
13-Jul-06,386.5,
16-Jul-06,386.8,
17-Jul-06,388.2,
18-Jul-06,389.7,
19-Jul-06,393.7,
20-Jul-06,395.9,
23-Jul-06,398.0,
24-Jul-06,398.2,
25-Jul-06,397.4,
26-Jul-06,394.9,
27-Jul-06,387.3,
30-Jul-06,386.5,
31-Jul-06,378.8,
1-Aug-06,366.7,
2-Aug-06,358.7,
3-Aug-06,355.6,
6-Aug-06,363.6,
7-Aug-06,383.1,
8-Aug-06,390.9,
13-Aug-06,391.7,
14-Aug-06,390.3,
15-Aug-06,389.2,
17-Aug-06,387.9,
20-Aug-06,384.8,
21-Aug-06,382.9,
22-Aug-06,380.8,
24-Aug-06,379.9,
27-Aug-06,378.8,
28-Aug-06,378.2,
29-Aug-06,379.3,
30-Aug-06,380.7,
31-Aug-06,382.2,
3-Sep-06,382.6,
4-Sep-06,382.5,
5-Sep-06,380.9,
7-Sep-06,381.5,
10-Sep-06,381.4,
11-Sep-06,381.4,
12-Sep-06,383.6,
13-Sep-06,383.2,
14-Sep-06,382.6,
18-Sep-06,387.6,
19-Sep-06,393.0,
20-Sep-06,393.4,
21-Sep-06,392.1,
24-Sep-06,391.6,
25-Sep-06,392.4,
26-Sep-06,392.7,
28-Sep-06,394.3,
8-Oct-06,397.5,
9-Oct-06,399.1,
10-Oct-06,399.5,
11-Oct-06,398.0,
12-Oct-06,398.9,
15-Oct-06,399.2,
16-Oct-06,398.2,
17-Oct-06,398.4,
18-Oct-06,398.1,
19-Oct-06,399.7,
26-Oct-06,401.1,
29-Oct-06,403.0,
30-Oct-06,405.1,
31-Oct-06,408.4,
1-Nov-06,402.1,
2-Nov-06,413.1,
5-Nov-06,415.1,
6-Nov-06,419.6,
7-Nov-06,424.2,
8-Nov-06,435.9,
9-Nov-06,445.0,
12-Nov-06,448.7,
13-Nov-06,441.0,
14-Nov-06,445.0,
15-Nov-06,448.1,
16-Nov-06,447.4,
19-Nov-06,447.8,
20-Nov-06,445.6,
21-Nov-06,446.5,
23-Nov-06,453.0,
26-Nov-06,463.7,
27-Nov-06,469.5,
28-Nov-06,478.0,
29-Nov-06,492.5,
30-Nov-06,486.2,
3-Dec-06,479.8,
4-Dec-06,476.9,
5-Dec-06,475.0,
6-Dec-06,473.3,
7-Dec-06,476.8,
10-Dec-06,481.0,
11-Dec-06,485.7,
12-Dec-06,494.2,
13-Dec-06,503.0,
14-Dec-06,508.6,
17-Dec-06,514.4,
18-Dec-06,517.0,
19-Dec-06,517.5,
20-Dec-06,511.2,
21-Dec-06,515.4,
24-Dec-06,518.6,
25-Dec-06,521.0,
26-Dec-06,520.8,
27-Dec-06,520.0,
28-Dec-06,517.5,
31-Dec-06,514.4,
1-Jan-07,512.7,
2-Jan-07,509.0,
3-Jan-07,505.3,
4-Jan-07,512.3,
7-Jan-07,521.4,
8-Jan-07,525.3,
9-Jan-07,530.5,
10-Jan-07,532.3,
11-Jan-07,532.3,
14-Jan-07,537.1,
15-Jan-07,538.4,
17-Jan-07,538.5,
18-Jan-07,535.9,
21-Jan-07,529.8,
22-Jan-07,527.1,
24-Jan-07,526.3,
25-Jan-07,523.6,
28-Jan-07,519.9,
29-Jan-07,512.7,
31-Jan-07,513.3,
1-Feb-07,519.1,
4-Feb-07,519.8,
5-Feb-07,520.2,
6-Feb-07,520.7,
7-Feb-07,519.7,
8-Feb-07,523.1,
11-Feb-07,524.8,
12-Feb-07,523.9,
13-Feb-07,525.1,
14-Feb-07,525.9,
15-Feb-07,527.0,
18-Feb-07,525.7,
20-Feb-07,523.2,
21-Feb-07,520.5,
22-Feb-07,519.1,
25-Feb-07,517.8,
26-Feb-07,514.7,
27-Feb-07,511.9,
28-Feb-07,511.8,
1-Mar-07,508.9,
4-Mar-07,505.4,
5-Mar-07,498.3,
6-Mar-07,486.0,
7-Mar-07,476.1,
8-Mar-07,486.8,
11-Mar-07,496.6,
12-Mar-07,500.7,
13-Mar-07,500.1,
14-Mar-07,494.1,
15-Mar-07,493.9,
21-Mar-07,492.3,
22-Mar-07,491.5,
25-Mar-07,488.5,
28-Mar-07,482.5,
29-Mar-07,481.0,
1-Apr-07,502.2,
2-Apr-07,507.5,
3-Apr-07,501.7,
4-Apr-07,491.6,
5-Apr-07,488.9,
8-Apr-07,488.2,
9-Apr-07,487.4,
10-Apr-07,487.0,
11-Apr-07,489.0,
12-Apr-07,494.6,
15-Apr-07,497.7,
16-Apr-07,498.0,
17-Apr-07,498.9,
18-Apr-07,501.3,
19-Apr-07,503.3,
22-Apr-07,502.7,
23-Apr-07,501.5,
25-Apr-07,502.6,
26-Apr-07,506.6,
29-Apr-07,509.6,
30-Apr-07,513.7,
3-May-07,514.7,
6-May-07,515.0,
7-May-07,516.1,
8-May-07,517.4,
9-May-07,518.6,
10-May-07,518.3,
13-May-07,516.8,
14-May-07,513.5,
15-May-07,512.4,
16-May-07,515.2,
17-May-07,518.6,
20-May-07,525.6,
21-May-07,525.2,
22-May-07,522.2,
23-May-07,523.5,
24-May-07,525.1,
27-May-07,524.9,
28-May-07,525.9,
29-May-07,532.0,
30-May-07,540.7,
31-May-07,541.4,
3-Jun-07,537.7,
4-Jun-07,542.1,
5-Jun-07,544.1,
6-Jun-07,550.0,
7-Jun-07,552.1,
10-Jun-07,559.2,
11-Jun-07,564.5,
12-Jun-07,572.7,
13-Jun-07,583.6,
14-Jun-07,575.0,
17-Jun-07,569.5,
18-Jun-07,563.5,
19-Jun-07,567.3,
20-Jun-07,578.8,
21-Jun-07,583.4,
24-Jun-07,584.0,
25-Jun-07,588.2,
26-Jun-07,590.3,
27-Jun-07,591.7,
1-Jul-07,593.7,
2-Jul-07,598.5,
3-Jul-07,602.9,
4-Jul-07,611.1,
5-Jul-07,613.5,
9-Jul-07,615.4,
10-Jul-07,620.6,
11-Jul-07,633.0,
12-Jul-07,643.2,
15-Jul-07,657.5,
16-Jul-07,684.0,
17-Jul-07,696.6,
18-Jul-07,678.0,
19-Jul-07,680.0,
22-Jul-07,687.7,
23-Jul-07,695.7,
24-Jul-07,695.4,
25-Jul-07,689.8,
26-Jul-07,687.8,
29-Jul-07,685.4,
30-Jul-07,680.6,
31-Jul-07,679.0,
1-Aug-07,683.4,
2-Aug-07,693.2,
5-Aug-07,702.7,
6-Aug-07,706.1,
7-Aug-07,719.7,
8-Aug-07,725.3,
9-Aug-07,723.3,
13-Aug-07,718.1,
14-Aug-07,712.7,
15-Aug-07,705.1,
16-Aug-07,706.0,
19-Aug-07,710.6,
20-Aug-07,714.1,
21-Aug-07,721.8,
22-Aug-07,722.5,
23-Aug-07,725.5,
24-Aug-07,725.9,
26-Aug-07,723.7,
27-Aug-07,723.0,
30-Aug-07,739.5,
2-Sep-07,756.1,
3-Sep-07,769.1,
5-Sep-07,785.4,
8-Sep-07,796.3,
9-Sep-07,812.0,
10-Sep-07,828.8,
11-Sep-07,833.6,
12-Sep-07,821.4,
13-Sep-07,813.8,
16-Sep-07,818.2,
17-Sep-07,817.1,
18-Sep-07,827.7,
19-Sep-07,837.9,
20-Sep-07,880.0,
23-Sep-07,847.9,
24-Sep-07,848.2,
26-Sep-07,855.1,
27-Sep-07,878.4,
30-Sep-07,885.5,
1-Oct-07,887.5,
2-Oct-07,886.1,
3-Oct-07,890.6,
4-Oct-07,899.4,
7-Oct-07,899.4,
8-Oct-07,873.9,
9-Oct-07,848.1,
10-Oct-07,837.7,
11-Oct-07,866.1,
14-Oct-07,883.4,
15-Oct-07,869.3,
16-Oct-07,863.1,
17-Oct-07,861.4,
28-Oct-07,858.1,
29-Oct-07,859.5,
30-Oct-07,864.9,
31-Oct-07,878.9,
1-Nov-07,887.6,
4-Nov-07,876.6,
5-Nov-07,874.5,
6-Nov-07,877.4,
7-Nov-07,880.1,
8-Nov-07,882.5,
12-Nov-07,889.1,
13-Nov-07,892.3,
14-Nov-07,902.5,
15-Nov-07,915.4,
18-Nov-07,851.6,
19-Nov-07,855.0,
20-Nov-07,852.7,
21-Nov-07,855.6,
22-Nov-07,856.2,
25-Nov-07,861.3,
26-Nov-07,867.6,
27-Nov-07,869.4,
28-Nov-07,879.6,
29-Nov-07,897.3,
2-Dec-07,922.4,
3-Dec-07,943.0,
4-Dec-07,963.8,
5-Dec-07,974.4,
6-Dec-07,992.8,
9-Dec-07,1000.5,
10-Dec-07,992.2,
11-Dec-07,996.3,
12-Dec-07,1000.3,
13-Dec-07,1025.9,
16-Dec-07,1052.9,
17-Dec-07,1064.1,
18-Dec-07,1061.4,
19-Dec-07,1061.3,
20-Dec-07,1055.7,
23-Dec-07,1045.7,
24-Dec-07,1018.2,
25-Dec-07,992.9,
26-Dec-07,967.7,
27-Dec-07,984.5,
6-Jan-08,988.6,
7-Jan-08,971.0,
8-Jan-08,956.8,
9-Jan-08,963.8,
10-Jan-08,981.4,
13-Jan-08,976.1,
14-Jan-08,958.9,
16-Jan-08,931.4,
17-Jan-08,905.4,
20-Jan-08,879.7,
21-Jan-08,867.5,
22-Jan-08,890.3,
23-Jan-08,877.5,
24-Jan-08,878.1,
27-Jan-08,867.6,
28-Jan-08,842.6,
29-Jan-08,817.6,
31-Jan-08,803.7,
3-Feb-08,778.1,
4-Feb-08,752.3,
5-Feb-08,708.7,
6-Feb-08,723.5,
7-Feb-08,750.9,
10-Feb-08,776.7,
11-Feb-08,802.0,
12-Feb-08,814.4,
13-Feb-08,809.9,
14-Feb-08,795.9,
17-Feb-08,769.9,
18-Feb-08,757.1,
20-Feb-08,756.4,
21-Feb-08,758.5,
24-Feb-08,755.9,
25-Feb-08,761.2,
26-Feb-08,759.5,
27-Feb-08,751.8,
28-Feb-08,756.8,
2-Mar-08,772.9,
3-Mar-08,771.2,
4-Mar-08,767.0,
5-Mar-08,758.7,
9-Mar-08,756.7,
10-Mar-08,749.1,
11-Mar-08,741.1,
12-Mar-08,723.3,
13-Mar-08,714.8,
16-Mar-08,713.0,
17-Mar-08,720.9,
18-Mar-08,718.9,
19-Mar-08,716.0,
20-Mar-08,716.7,
23-Mar-08,710.8,
24-Mar-08,704.5,
25-Mar-08,721.2,
26-Mar-08,720.7,
27-Mar-08,716.4,
30-Mar-08,703.0,
31-Mar-08,709.4,
1-Apr-08,712.5,
2-Apr-08,716.6,
3-Apr-08,730.1,
6-Apr-08,746.7,
15-Apr-08,720.2,
16-Apr-08,708.8,
17-Apr-08,734.8,
20-Apr-08,744.0,
21-Apr-08,739.4,
22-Apr-08,734.7,
24-Apr-08,734.9,
27-Apr-08,729.0,
28-Apr-08,730.3,
29-Apr-08,728.7,
30-Apr-08,736.5,
4-May-08,740.2,
5-May-08,748.9,
6-May-08,767.9,
7-May-08,777.0,
8-May-08,771.3,
11-May-08,773.5,
12-May-08,785.4,
13-May-08,806.3,
14-May-08,825.6,
15-May-08,812.7,
18-May-08,798.9,"**** The Market has remained closed (Sunday, 12 August 2007) due to untimely demise of Mr. Tanka Nath Adhikari (Broker number 18)."
21-May-08,801.5,
22-May-08,817.6,
25-May-08,832.1,
26-May-08,823.7,
27-May-08,833.2,
1-Jun-08,860.6,
2-Jun-08,873.8,
3-Jun-08,858.6,
4-Jun-08,867.9,
5-Jun-08,885.2,
8-Jun-08,910.8,
9-Jun-08,924.7,
10-Jun-08,915.0,
11-Jun-08,923.2,
12-Jun-08,930.7,
15-Jun-08,941.1,
16-Jun-08,957.9,
17-Jun-08,953.8,
18-Jun-08,959.8,
19-Jun-08,960.3,
22-Jun-08,947.1,
23-Jun-08,942.1,
24-Jun-08,940.9,
25-Jun-08,948.6,
26-Jun-08,951.6,
29-Jun-08,948.9,
30-Jun-08,937.5,
1-Jul-08,931.3,
2-Jul-08,906.2,
3-Jul-08,928.4,
6-Jul-08,926.9,
7-Jul-08,929.7,
8-Jul-08,936.5,
9-Jul-08,944.9,
10-Jul-08,949.5,
13-Jul-08,953.5,
14-Jul-08,959.3,
15-Jul-08,963.4,
16-Jul-08,982.1,
17-Jul-08,991.9,
20-Jul-08,985.2,
21-Jul-08,973.3,
22-Jul-08,962.8,
23-Jul-08,972.5,
27-Jul-08,980.8,
28-Jul-08,983.1,
29-Jul-08,1002.0,
30-Jul-08,1020.1,
31-Jul-08,1034.0,
3-Aug-08,1047.7,
4-Aug-08,1075.3,
5-Aug-08,1102.1,
6-Aug-08,1128.1,
7-Aug-08,1101.4,
10-Aug-08,1075.5,
11-Aug-08,1088.9,
12-Aug-08,1085.0,
13-Aug-08,1079.6,
14-Aug-08,1084.8,
18-Aug-08,1075.9,
19-Aug-08,1057.5,
20-Aug-08,1064.3,
21-Aug-08,1062.2,
24-Aug-08,1057.4,
25-Aug-08,1068.2,
26-Aug-08,1087.8,
27-Aug-08,1086.2,
28-Aug-08,1119.7,
31-Aug-08,1175.4,
1-Sep-08,1134.4,
2-Sep-08,1102.4,
3-Sep-08,1064.0,
4-Sep-08,1067.2,
7-Sep-08,1071.1,
8-Sep-08,1058.6,
9-Sep-08,1051.2,
10-Sep-08,1029.9,
11-Sep-08,1028.5,
15-Sep-08,996.1,
16-Sep-08,976.0,
17-Sep-08,985.2,
18-Sep-08,1004.3,
21-Sep-08,976.8,
22-Sep-08,952.6,
23-Sep-08,951.3,
24-Sep-08,945.1,
25-Sep-08,941.1,
28-Sep-08,954.6,
29-Sep-08,962.6,
1-Oct-08,970.2,
5-Oct-08,973.7,
12-Oct-08,969.6,
13-Oct-08,957.3,
15-Oct-08,938.3,
16-Oct-08,934.0,
19-Oct-08,918.6,
20-Oct-08,900.0,
21-Oct-08,907.7,
22-Oct-08,914.0,
23-Oct-08,919.3,
26-Oct-08,918.2,
27-Oct-08,881.9,
2-Nov-08,853.2,
3-Nov-08,849.4,
5-Nov-08,848.2,
6-Nov-08,832.6,
9-Nov-08,810.8,
10-Nov-08,779.8,
11-Nov-08,802.1,
12-Nov-08,815.6,
13-Nov-08,806.9,
16-Nov-08,793.9,
17-Nov-08,774.2,
18-Nov-08,776.0,
19-Nov-08,776.6,
20-Nov-08,770.4,
23-Nov-08,750.5,
24-Nov-08,726.5,
25-Nov-08,698.8,
26-Nov-08,728.6,
27-Nov-08,732.2,
30-Nov-08,750.7,
1-Dec-08,765.8,
2-Dec-08,761.7,
3-Dec-08,758.1,
4-Dec-08,754.9,
7-Dec-08,754.3,
8-Dec-08,747.7,
10-Dec-08,742.4,
11-Dec-08,743.3,
14-Dec-08,742.0,
15-Dec-08,734.9,
16-Dec-08,729.2,
17-Dec-08,728.9,
18-Dec-08,720.5,
21-Dec-08,708.1,
22-Dec-08,701.6,
23-Dec-08,701.9,
24-Dec-08,705.2,
28-Dec-08,699.2,
29-Dec-08,700.6,
31-Dec-08,695.5,
1-Jan-09,693.8,
4-Jan-09,696.2,
5-Jan-09,691.0,
6-Jan-09,687.6,
7-Jan-09,682.3,
8-Jan-09,674.3,
11-Jan-09,664.0,
12-Jan-09,660.4,
13-Jan-09,659.8,
15-Jan-09,651.2,
18-Jan-09,650.7,
19-Jan-09,647.3,
20-Jan-09,641.1,
21-Jan-09,625.8,
22-Jan-09,609.5,
25-Jan-09,616.2,
26-Jan-09,645.3,
28-Jan-09,658.8,
1-Feb-09,638.5,
2-Feb-09,636.3,
3-Feb-09,636.7,
4-Feb-09,641.6,
5-Feb-09,656.1,
8-Feb-09,671.7,
9-Feb-09,668.8,
10-Feb-09,665.2,
11-Feb-09,663.5,
12-Feb-09,671.5,
15-Feb-09,669.8,
16-Feb-09,673.5,
17-Feb-09,690.3,
19-Feb-09,699.6,
22-Feb-09,704.1,
24-Feb-09,695.9,
26-Feb-09,677.5,
1-Mar-09,676.3,
2-Mar-09,673.7,
3-Mar-09,675.8,
4-Mar-09,673.0,
5-Mar-09,670.7,
8-Mar-09,671.4,
9-Mar-09,671.4,
11-Mar-09,670.2,
12-Mar-09,667.2,
15-Mar-09,669.2,
16-Mar-09,670.9,
17-Mar-09,667.7,
18-Mar-09,667.1,
19-Mar-09,666.6,
22-Mar-09,683.5,
23-Mar-09,676.3,
24-Mar-09,678.0,
25-Mar-09,675.3,
29-Mar-09,669.7,
30-Mar-09,665.7,
31-Mar-09,664.1,
1-Apr-09,665.0,
2-Apr-09,662.0,
5-Apr-09,664.7,
6-Apr-09,663.5,
7-Apr-09,659.5,
8-Apr-09,661.3,
9-Apr-09,660.4,
12-Apr-09,660.2,
13-Apr-09,661.3,
16-Apr-09,662.7,
19-Apr-09,660.0,
20-Apr-09,660.0,
21-Apr-09,659.1,
22-Apr-09,657.3,
23-Apr-09,657.0,
26-Apr-09,649.0,
27-Apr-09,640.2,
28-Apr-09,641.6,
29-Apr-09,643.4,
30-Apr-09,647.8,
3-May-09,642.0,
4-May-09,640.9,
5-May-09,648.6,
6-May-09,651.2,
7-May-09,654.1,
10-May-09,660.4,
11-May-09,659.2,
12-May-09,660.1,
13-May-09,661.6,
14-May-09,661.0,
17-May-09,665.7,
18-May-09,683.9,
19-May-09,678.6,
20-May-09,677.2,
21-May-09,676.6,
24-May-09,688.1,
25-May-09,701.5,
26-May-09,714.7,
27-May-09,739.9,
28-May-09,718.6,
31-May-09,707.9,
1-Jun-09,700.0,
2-Jun-09,703.0,
3-Jun-09,699.6,
4-Jun-09,698.9,
7-Jun-09,685.6,
8-Jun-09,679.7,
9-Jun-09,684.9,
10-Jun-09,686.1,
11-Jun-09,684.4,
14-Jun-09,678.7,
15-Jun-09,676.4,
16-Jun-09,681.8,
17-Jun-09,682.8,
18-Jun-09,683.7,
21-Jun-09,679.2,
22-Jun-09,678.5,
23-Jun-09,671.5,
24-Jun-09,670.3,
25-Jun-09,670.6,
28-Jun-09,666.4,
29-Jun-09,664.0,
30-Jun-09,662.6,
1-Jul-09,661.8,
2-Jul-09,667.4,
5-Jul-09,675.2,
6-Jul-09,676.1,
7-Jul-09,685.6,
8-Jul-09,696.2,
9-Jul-09,702.9,
12-Jul-09,711.1,
13-Jul-09,717.5,
14-Jul-09,743.7,
15-Jul-09,749.1,
16-Jul-09,735.9,
19-Jul-09,734.3,
20-Jul-09,739.0,
21-Jul-09,738.0,
23-Jul-09,737.8,
26-Jul-09,708.1,
27-Jul-09,730.6,
28-Jul-09,729.1,
29-Jul-09,721.5,
30-Jul-09,716.0,
2-Aug-09,704.7,
3-Aug-09,700.2,
4-Aug-09,700.0,
9-Aug-09,693.6,
10-Aug-09,690.3,
11-Aug-09,690.2,
12-Aug-09,717.2,
16-Aug-09,722.0,
17-Aug-09,716.0,
18-Aug-09,715.4,
19-Aug-09,714.4,
20-Aug-09,709.8,
23-Aug-09,702.2,
24-Aug-09,693.3,
25-Aug-09,678.9,
26-Aug-09,682.3,
27-Aug-09,681.5,
30-Aug-09,671.2,
31-Aug-09,661.0,
1-Sep-09,654.6,
2-Sep-09,660.4,
6-Sep-09,662.6,
7-Sep-09,657.5,
8-Sep-09,630.1,
9-Sep-09,620.4,
10-Sep-09,614.8,
13-Sep-09,617.3,
14-Sep-09,628.4,
15-Sep-09,629.9,
16-Sep-09,628.3,
17-Sep-09,628.0,
20-Sep-09,628.9,
22-Sep-09,632.7,
23-Sep-09,630.5,
24-Sep-09,630.6,
4-Oct-09,634.4,
5-Oct-09,636.9,
6-Oct-09,613.2,
7-Oct-09,607.9,
8-Oct-09,604.4,
11-Oct-09,599.3,
12-Oct-09,598.4,
13-Oct-09,598.8,
14-Oct-09,599.5,
15-Oct-09,609.6,
21-Oct-09,601.2,
22-Oct-09,601.2,
25-Oct-09,599.4,
26-Oct-09,595.3,
27-Oct-09,590.4,
28-Oct-09,585.0,
29-Oct-09,578.2,
1-Nov-09,567.1,
2-Nov-09,567.3,
3-Nov-09,571.6,
4-Nov-09,581.6,
5-Nov-09,584.6,
8-Nov-09,587.2,
9-Nov-09,583.1,
10-Nov-09,580.2,
11-Nov-09,576.8,
12-Nov-09,565.9,
15-Nov-09,566.9,
16-Nov-09,561.8,
17-Nov-09,565.0,
18-Nov-09,562.2,
19-Nov-09,563.0,
22-Nov-09,562.1,
23-Nov-09,549.0,
24-Nov-09,543.4,
25-Nov-09,541.6,
26-Nov-09,534.3,
30-Nov-09,528.9,
1-Dec-09,521.8,
3-Dec-09,517.5,
6-Dec-09,519.2,
7-Dec-09,524.2,
8-Dec-09,530.4,
9-Dec-09,537.6,
10-Dec-09,545.7,
13-Dec-09,553.4,
14-Dec-09,554.5,
15-Dec-09,548.6,
16-Dec-09,542.1,
17-Dec-09,539.2,
20-Dec-09,538.7,
21-Dec-09,536.9,
22-Dec-09,541.9,
23-Dec-09,543.6,
24-Dec-09,545.7,
27-Dec-09,545.3,
28-Dec-09,545.7,
29-Dec-09,547.4,
31-Dec-09,548.1,
3-Jan-10,547.0,
4-Jan-10,540.1,
5-Jan-10,536.2,
6-Jan-10,536.6,
7-Jan-10,535.8,
10-Jan-10,535.4,
11-Jan-10,534.3,
12-Jan-10,532.3,
13-Jan-10,530.8,
14-Jan-10,531.0,
17-Jan-10,528.9,
18-Jan-10,524.2,
19-Jan-10,522.1,
20-Jan-10,520.4,
21-Jan-10,518.1,
24-Jan-10,516.8,
25-Jan-10,516.8,
26-Jan-10,513.7,
27-Jan-10,511.7,
28-Jan-10,515.2,
31-Jan-10,512.3,
1-Feb-10,510.1,
2-Feb-10,507.0,
3-Feb-10,502.8,
4-Feb-10,501.4,
7-Feb-10,497.3,
8-Feb-10,489.4,
9-Feb-10,479.7,
10-Feb-10,492.9,
11-Feb-10,497.2,
15-Feb-10,493.0,
16-Feb-10,486.8,
17-Feb-10,485.8,
18-Feb-10,485.1,
1-Mar-10,497.9,
2-Mar-10,503.1,
3-Mar-10,517.0,
4-Mar-10,514.0,
7-Mar-10,504.5,
9-Mar-10,500.7,
10-Mar-10,489.6,
11-Mar-10,486.3,
14-Mar-10,481.2,
16-Mar-10,480.5,
17-Mar-10,477.6,
18-Mar-10,475.8,
22-Mar-10,472.8,
23-Mar-10,469.1,
25-Mar-10,466.1,
28-Mar-10,459.9,
29-Mar-10,454.4,
30-Mar-10,443.7,
31-Mar-10,443.2,
1-Apr-10,452.5,
4-Apr-10,458.1,
5-Apr-10,455.3,
6-Apr-10,449.5,
7-Apr-10,443.9,
8-Apr-10,446.0,
11-Apr-10,443.5,
12-Apr-10,443.7,
13-Apr-10,444.8,
15-Apr-10,449.0,
18-Apr-10,446.1,
19-Apr-10,441.7,
20-Apr-10,438.6,
21-Apr-10,426.5,
22-Apr-10,426.6,
25-Apr-10,423.4,
26-Apr-10,415.5,
27-Apr-10,407.6,
28-Apr-10,405.5,
29-Apr-10,419.3,
9-May-10,413.0,
10-May-10,418.8,
11-May-10,431.6,
12-May-10,449.1,
13-May-10,457.8,
16-May-10,440.5,
17-May-10,440.3,
18-May-10,448.6,
19-May-10,454.1,
20-May-10,462.0,
23-May-10,462.6,
24-May-10,462.6,
25-May-10,482.4,
26-May-10,479.4,
30-May-10,506.3,
31-May-10,490.1,
1-Jun-10,480.0,
2-Jun-10,480.5,
3-Jun-10,482.3,
6-Jun-10,478.6,
7-Jun-10,478.6,
8-Jun-10,482.8,
9-Jun-10,486.6,
10-Jun-10,484.8,
13-Jun-10,480.6,
14-Jun-10,476.7,
15-Jun-10,475.7,
16-Jun-10,475.2,
17-Jun-10,474.6,
20-Jun-10,475.0,
21-Jun-10,468.6,
22-Jun-10,470.4,
23-Jun-10,467.6,
24-Jun-10,463.4,
28-Jun-10,459.5,
29-Jun-10,455.5,
30-Jun-10,455.8,
1-Jul-10,470.9,
4-Jul-10,464.7,
5-Jul-10,460.7,
6-Jul-10,463.2,
7-Jul-10,461.9,
8-Jul-10,460.1,
11-Jul-10,460.0,
12-Jul-10,461.6,
13-Jul-10,464.6,
14-Jul-10,467.3,
15-Jul-10,477.7,
18-Jul-10,468.5,
19-Jul-10,466.3,
20-Jul-10,468.8,
21-Jul-10,472.3,
22-Jul-10,469.3,
25-Jul-10,463.9,
26-Jul-10,461.7,
27-Jul-10,462.0,
28-Jul-10,459.8,
29-Jul-10,461.6,
1-Aug-10,462.5,
2-Aug-10,460.8,
3-Aug-10,460.0,
4-Aug-10,460.9,
5-Aug-10,458.4,
8-Aug-10,459.8,
9-Aug-10,457.4,
10-Aug-10,455.7,
11-Aug-10,456.2,
12-Aug-10,454.7,
15-Aug-10,454.2,
16-Aug-10,453.7,
17-Aug-10,447.2,
18-Aug-10,442.7,
19-Aug-10,442.0,
22-Aug-10,431.2,
23-Aug-10,432.5,
26-Aug-10,432.7,
29-Aug-10,428.9,
30-Aug-10,426.7,
31-Aug-10,421.2,
2-Sep-10,420.5,
5-Sep-10,408.6,
6-Sep-10,412.3,
7-Sep-10,416.0,
8-Sep-10,420.3,
9-Sep-10,414.4,
12-Sep-10,413.5,
13-Sep-10,410.7,
14-Sep-10,410.3,
15-Sep-10,407.2,
16-Sep-10,404.4,
19-Sep-10,402.4,
20-Sep-10,401.7,
21-Sep-10,403.9,
23-Sep-10,404.4,
26-Sep-10,406.4,
27-Sep-10,406.9,
28-Sep-10,403.5,
29-Sep-10,403.5,
30-Sep-10,403.1,
3-Oct-10,402.6,
4-Oct-10,403.7,
5-Oct-10,404.5,
6-Oct-10,406.5,
7-Oct-10,411.8,
10-Oct-10,416.9,
11-Oct-10,419.0,
12-Oct-10,419.7,
13-Oct-10,420.3,
20-Oct-10,421.5,
21-Oct-10,421.1,
24-Oct-10,426.3,
25-Oct-10,426.2,
26-Oct-10,425.0,
27-Oct-10,422.5,
28-Oct-10,424.9,
31-Oct-10,423.9,
1-Nov-10,424.9,
2-Nov-10,423.3,
3-Nov-10,423.2,
4-Nov-10,425.0,
9-Nov-10,423.9,
10-Nov-10,423.7,
11-Nov-10,424.8,
14-Nov-10,423.4,
15-Nov-10,423.6,
16-Nov-10,424.9,
18-Nov-10,425.4,
21-Nov-10,423.4,
22-Nov-10,419.8,
23-Nov-10,419.6,
24-Nov-10,419.1,
25-Nov-10,418.2,
28-Nov-10,417.2,
29-Nov-10,415.7,
30-Nov-10,413.8,
1-Dec-10,412.1,
2-Dec-10,408.9,
5-Dec-10,407.9,
6-Dec-10,403.6,
7-Dec-10,401.8,
8-Dec-10,401.4,
9-Dec-10,398.9,
12-Dec-10,395.4,
13-Dec-10,394.0,
14-Dec-10,393.5,
15-Dec-10,394.2,
16-Dec-10,392.0,
16-Dec-10,392.0,
19-Dec-10,391.0,
20-Dec-10,391.4,
22-Dec-10,394.8,
23-Dec-10,399.5,
26-Dec-10,406.9,
27-Dec-10,407.7,
28-Dec-10,404.2,
29-Dec-10,404.1,
2-Jan-11,400.6,
3-Jan-11,398.0,
4-Jan-11,399.5,
5-Jan-11,400.8,
6-Jan-11,400.4,
9-Jan-11,398.3,
10-Jan-11,399.5,
11-Jan-11,400.7,
12-Jan-11,400.2,
13-Jan-11,402.8,
16-Jan-11,403.1,
17-Jan-11,403.7,
18-Jan-11,403.5,
19-Jan-11,404.4,
20-Jan-11,406.9,
23-Jan-11,406.3,
24-Jan-11,410.3,
31-Jan-11,410.6,
1-Feb-11,410.5,
2-Feb-11,408.0,
3-Feb-11,406.8,
6-Feb-11,413.7,
7-Feb-11,408.5,
8-Feb-11,406.9,
9-Feb-11,405.4,
10-Feb-11,405.0,
13-Feb-11,404.1,
14-Feb-11,403.7,
15-Feb-11,404.5,
16-Feb-11,405.4,
17-Feb-11,408.2,
20-Feb-11,405.2,
21-Feb-11,404.3,
22-Feb-11,401.2,
23-Feb-11,398.5,
24-Feb-11,397.5,
27-Feb-11,394.2,
28-Feb-11,391.7,
1-Mar-11,391.2,
3-Mar-11,395.4,
7-Mar-11,394.1,
9-Mar-11,392.7,
10-Mar-11,389.8,
13-Mar-11,388.3,
14-Mar-11,384.2,
15-Mar-11,376.7,
16-Mar-11,378.8,
17-Mar-11,377.5,
20-Mar-11,377.6,
21-Mar-11,379.5,
22-Mar-11,379.3,
23-Mar-11,377.6,
24-Mar-11,376.7,
27-Mar-11,372.0,
28-Mar-11,364.7,
29-Mar-11,358.0,
30-Mar-11,359.1,
31-Mar-11,365.2,
4-Apr-11,365.0,
5-Apr-11,364.4,
6-Apr-11,364.4,
7-Apr-11,365.5,
10-Apr-11,366.7,
11-Apr-11,365.3,
13-Apr-11,373.2,
17-Apr-11,367.5,
18-Apr-11,365.5,
19-Apr-11,364.3,
20-Apr-11,361.1,
21-Apr-11,358.5,
25-Apr-11,356.9,
26-Apr-11,356.2,
27-Apr-11,350.2,
28-Apr-11,347.7,
2-May-11,344.6,
3-May-11,339.6,
4-May-11,338.9,
5-May-11,339.5,
8-May-11,340.7,
9-May-11,340.8,
10-May-11,344.1,
11-May-11,344.7,
12-May-11,346.4,
15-May-11,349.2,
16-May-11,350.6,
18-May-11,346.9,
19-May-11,344.8,
22-May-11,343.6,
23-May-11,342.1,
24-May-11,341.6,
25-May-11,341.7,
26-May-11,344.5,
30-May-11,342.8,
31-May-11,336.7,
1-Jun-11,335.7,
2-Jun-11,333.8,
5-Jun-11,327.8,
6-Jun-11,323.2,
7-Jun-11,317.5,
8-Jun-11,311.3,
9-Jun-11,308.9,
12-Jun-11,304.1,
13-Jun-11,301.7,
14-Jun-11,297.6,
15-Jun-11,292.3,
16-Jun-11,303.5,
19-Jun-11,319.0,
20-Jun-11,330.8,
21-Jun-11,344.2,
23-Jun-11,364.4,
26-Jun-11,346.8,
27-Jun-11,329.5,
29-Jun-11,332.9,
30-Jun-11,336.7,
3-Jul-11,333.2,
4-Jul-11,333.9,
5-Jul-11,340.8,
6-Jul-11,344.5,
7-Jul-11,341.0,
10-Jul-11,346.0,
11-Jul-11,346.0,
12-Jul-11,352.2,
13-Jul-11,356.4,
14-Jul-11,362.8,
17-Jul-11,378.4,
18-Jul-11,370.1,
19-Jul-11,374.1,
20-Jul-11,380.2,
21-Jul-11,376.6,
24-Jul-11,365.4,
25-Jul-11,360.1,
26-Jul-11,357.3,
27-Jul-11,363.8,
28-Jul-11,363.1,
31-Jul-11,358.8,
1-Aug-11,357.7,
2-Aug-11,357.6,
3-Aug-11,355.9,
4-Aug-11,357.6,
7-Aug-11,353.7,
8-Aug-11,352.2,
9-Aug-11,345.8,
10-Aug-11,352.0,
11-Aug-11,352.7,
15-Aug-11,353.3,
16-Aug-11,353.6,
17-Aug-11,351.0,
18-Aug-11,352.5,
22-Aug-11,349.8,
23-Aug-11,349.7,
24-Aug-11,348.9,
25-Aug-11,346.9,
28-Aug-11,337.1,
29-Aug-11,338.0,
30-Aug-11,339.9,
1-Sep-11,341.7,
4-Sep-11,339.0,
5-Sep-11,336.2,
6-Sep-11,331.8,
7-Sep-11,331.3,
8-Sep-11,329.6,
12-Sep-11,327.0,
13-Sep-11,325.8,
14-Sep-11,319.4,
15-Sep-11,321.2,
18-Sep-11,318.6,
19-Sep-11,317.4,
20-Sep-11,320.1,
21-Sep-11,323.0,
22-Sep-11,327.6,
25-Sep-11,331.6,
26-Sep-11,331.1,
27-Sep-11,331.4,
29-Sep-11,331.4,
2-Oct-11,331.4,
9-Oct-11,331.3,
10-Oct-11,333.5,
12-Oct-11,334.5,
13-Oct-11,333.5,
16-Oct-11,331.6,
17-Oct-11,331.0,
18-Oct-11,329.9,
19-Oct-11,329.7,
20-Oct-11,328.2,
23-Oct-11,326.4,
24-Oct-11,326.8,
25-Oct-11,328.0,
30-Oct-11,327.7,
31-Oct-11,330.2,
2-Nov-11,346.8,
3-Nov-11,343.5,
6-Nov-11,337.9,
8-Nov-11,334.8,
9-Nov-11,332.4,
10-Nov-11,331.8,
13-Nov-11,330.5,
14-Nov-11,330.7,
15-Nov-11,326.9,
16-Nov-11,325.6,
17-Nov-11,329.4,
20-Nov-11,328.2,
21-Nov-11,328.5,
22-Nov-11,327.4,
23-Nov-11,325.3,
24-Nov-11,324.5,
27-Nov-11,324.6,
28-Nov-11,323.3,
29-Nov-11,324.0,
30-Nov-11,324.0,
1-Dec-11,322.8,
4-Dec-11,322.4,
5-Dec-11,321.5,
6-Dec-11,321.2,
7-Dec-11,320.6,
8-Dec-11,320.2,
11-Dec-11,317.7,
12-Dec-11,314.7,
13-Dec-11,313.7,
14-Dec-11,317.4,
15-Dec-11,316.3,
18-Dec-11,313.7,
19-Dec-11,313.5,
20-Dec-11,313.7,
21-Dec-11,313.1,
22-Dec-11,312.9,
26-Dec-11,312.5,
27-Dec-11,313.9,
28-Dec-11,314.2,
29-Dec-11,316.0,
1-Jan-12,318.7,
2-Jan-12,324.4,
3-Jan-12,324.1,
4-Jan-12,319.0,
5-Jan-12,319.6,
8-Jan-12,317.0,
9-Jan-12,317.6,
10-Jan-12,319.6,
11-Jan-12,321.4,
12-Jan-12,323.6,
16-Jan-12,322.2,
17-Jan-12,322.2,
18-Jan-12,320.0,
19-Jan-12,320.6,
22-Jan-12,320.2,
23-Jan-12,317.8,
25-Jan-12,317.6,
26-Jan-12,316.7,
29-Jan-12,316.5,
31-Jan-12,316.0,
1-Feb-12,316.8,
2-Feb-12,316.4,
5-Feb-12,314.7,
6-Feb-12,313.9,
7-Feb-12,313.1,
8-Feb-12,312.4,
9-Feb-12,312.1,
12-Feb-12,311.9,
13-Feb-12,312.8,
14-Feb-12,311.9,
15-Feb-12,311.8,
16-Feb-12,312.1,
21-Feb-12,311.9,
23-Feb-12,312.6,
26-Feb-12,312.5,
27-Feb-12,312.3,
28-Feb-12,314.7,
29-Feb-12,315.1,
1-Mar-12,317.4,
4-Mar-12,315.7,
5-Mar-12,316.4,
6-Mar-12,315.9,
11-Mar-12,315.4,
12-Mar-12,313.8,
13-Mar-12,313.9,
14-Mar-12,313.0,
15-Mar-12,310.8,
18-Mar-12,303.2,
19-Mar-12,302.8,
20-Mar-12,301.6,
21-Mar-12,303.7,
25-Mar-12,302.7,
26-Mar-12,300.8,
27-Mar-12,300.5,
28-Mar-12,300.2,
29-Mar-12,298.9,
1-Apr-12,299.4,
2-Apr-12,301.3,
3-Apr-12,301.7,
4-Apr-12,301.9,
5-Apr-12,302.4,
8-Apr-12,302.9,
9-Apr-12,303.7,
10-Apr-12,306.0,
11-Apr-12,309.2,
12-Apr-12,320.0,
15-Apr-12,337.4,
16-Apr-12,354.5,
17-Apr-12,336.3,
18-Apr-12,347.9,
19-Apr-12,354.8,
22-Apr-12,369.1,
24-Apr-12,388.3,
25-Apr-12,409.4,
26-Apr-12,425.5,
29-Apr-12,423.0,
30-Apr-12,404.7,
2-May-12,384.4,
3-May-12,404.3,
7-May-12,428.4,
8-May-12,432.8,
9-May-12,419.8,
10-May-12,411.4,
13-May-12,390.6,
14-May-12,373.2,
15-May-12,391.9,
16-May-12,412.2,
17-May-12,416.4,
20-May-12,408.6,
21-May-12,414.2,
22-May-12,406.1,
23-May-12,385.7,
24-May-12,398.6,
27-May-12,412.9,
29-May-12,391.9,
30-May-12,373.2,
31-May-12,373.6,
3-Jun-12,391.0,
4-Jun-12,381.6,
5-Jun-12,373.0,
6-Jun-12,365.5,
7-Jun-12,369.8,
10-Jun-12,363.5,
11-Jun-12,366.3,
12-Jun-12,367.9,
13-Jun-12,366.2,
14-Jun-12,364.7,
17-Jun-12,361.0,
18-Jun-12,362.6,
19-Jun-12,361.5,
20-Jun-12,363.5,
21-Jun-12,365.1,
25-Jun-12,375.4,
26-Jun-12,368.5,
27-Jun-12,373.8,
28-Jun-12,377.5,
1-Jul-12,374.5,
2-Jul-12,372.9,
3-Jul-12,374.3,
4-Jul-12,377.2,
5-Jul-12,377.4,
8-Jul-12,377.7,
9-Jul-12,380.1,
10-Jul-12,385.3,
11-Jul-12,384.1,
12-Jul-12,383.5,
15-Jul-12,389.7,
16-Jul-12,384.9,
17-Jul-12,386.0,
18-Jul-12,392.0,
19-Jul-12,395.5,
22-Jul-12,404.8,
23-Jul-12,408.4,
24-Jul-12,406.3,
25-Jul-12,405.0,
26-Jul-12,401.6,
29-Jul-12,396.0,
30-Jul-12,400.6,
31-Jul-12,401.0,
1-Aug-12,402.2,
5-Aug-12,402.9,
6-Aug-12,403.2,
7-Aug-12,404.2,
8-Aug-12,402.5,
12-Aug-12,399.2,
13-Aug-12,399.8,
14-Aug-12,397.2,
15-Aug-12,392.0,
16-Aug-12,398.3,
19-Aug-12,395.7,
21-Aug-12,396.3,
22-Aug-12,396.8,
23-Aug-12,397.5,
26-Aug-12,397.2,
27-Aug-12,405.8,
28-Aug-12,406.2,
29-Aug-12,407.1,
30-Aug-12,405.8,
2-Sep-12,411.9,
3-Sep-12,411.8,
4-Sep-12,409.1,
5-Sep-12,407.4,
6-Sep-12,408.4,
9-Sep-12,407.9,
10-Sep-12,407.4,
11-Sep-12,412.5,
12-Sep-12,414.4,
13-Sep-12,418.9,
16-Sep-12,420.8,
17-Sep-12,422.3,
18-Sep-12,425.5,
19-Sep-12,421.8,
20-Sep-12,420.5,
23-Sep-12,415.2,
24-Sep-12,414.5,
25-Sep-12,414.1,
26-Sep-12,413.7,
27-Sep-12,415.7,
30-Sep-12,415.0,
1-Oct-12,416.9,
2-Oct-12,417.4,
3-Oct-12,417.4,
4-Oct-12,423.5,
7-Oct-12,427.9,
8-Oct-12,426.6,
9-Oct-12,426.2,
10-Oct-12,424.8,
11-Oct-12,424.4,
14-Oct-12,426.6,
15-Oct-12,427.3,
17-Oct-12,433.2,
18-Oct-12,436.7,
30-Oct-12,447.8,
31-Oct-12,451.4,
1-Nov-12,448.0,
4-Nov-12,452.1,
5-Nov-12,458.2,
6-Nov-12,463.4,
7-Nov-12,475.2,
8-Nov-12,482.5,
11-Nov-12,475.5,
12-Nov-12,480.9,
18-Nov-12,492.8,
20-Nov-12,501.5,
21-Nov-12,499.3,
22-Nov-12,497.1,
25-Nov-12,497.4,
26-Nov-12,494.9,
27-Nov-12,493.2,
28-Nov-12,492.8,
29-Nov-12,489.0,
2-Dec-12,483.8,
3-Dec-12,481.9,
4-Dec-12,490.4,
5-Dec-12,499.8,
6-Dec-12,499.8,
9-Dec-12,488.2,
10-Dec-12,487.8,
11-Dec-12,489.1,
12-Dec-12,493.2,
13-Dec-12,497.2,
16-Dec-12,509.2,
17-Dec-12,513.9,
18-Dec-12,510.6,
19-Dec-12,513.9,
20-Dec-12,517.9,
23-Dec-12,519.4,
24-Dec-12,525.5,
26-Dec-12,536.3,
27-Dec-12,540.9,
31-Dec-12,533.9,
1-Jan-13,530.6,
2-Jan-13,531.8,
3-Jan-13,533.5,
6-Jan-13,531.6,
7-Jan-13,529.2,
8-Jan-13,528.7,
9-Jan-13,525.3,
10-Jan-13,528.8,
13-Jan-13,529.7,
15-Jan-13,530.1,
16-Jan-13,528.0,
17-Jan-13,520.8,
20-Jan-13,508.2,
21-Jan-13,518.1,
22-Jan-13,522.5,
23-Jan-13,517.0,
24-Jan-13,514.2,
27-Jan-13,514.4,
28-Jan-13,514.3,
30-Jan-13,511.7,
31-Jan-13,510.7,
3-Feb-13,515.8,
4-Feb-13,516.3,
5-Feb-13,515.1,
6-Feb-13,513.0,
7-Feb-13,513.4,
10-Feb-13,514.6,
12-Feb-13,532.7,
13-Feb-13,526.8,
14-Feb-13,530.0,
17-Feb-13,555.7,
19-Feb-13,548.7,
20-Feb-13,539.1,
21-Feb-13,543.9,
24-Feb-13,538.3,
25-Feb-13,544.0,
26-Feb-13,545.3,
27-Feb-13,540.1,
28-Feb-13,542.3,
3-Mar-13,541.5,
4-Mar-13,540.8,
5-Mar-13,538.1,
6-Mar-13,540.6,
7-Mar-13,538.9,
11-Mar-13,539.3,
13-Mar-13,545.7,
14-Mar-13,548.3,
17-Mar-13,535.1,
18-Mar-13,530.5,
19-Mar-13,532.0,
20-Mar-13,528.3,
21-Mar-13,527.9,
24-Mar-13,519.6,
25-Mar-13,521.9,
27-Mar-13,520.6,
28-Mar-13,518.7,
31-Mar-13,511.4,
1-Apr-13,513.6,
2-Apr-13,518.9,
3-Apr-13,518.0,
4-Apr-13,513.2,
7-Apr-13,515.9,
8-Apr-13,514.8,
9-Apr-13,519.2,
11-Apr-13,523.4,
15-Apr-13,521.4,
16-Apr-13,520.7,
17-Apr-13,519.2,
18-Apr-13,519.0,
21-Apr-13,513.7,
22-Apr-13,504.2,
23-Apr-13,509.0,
25-Apr-13,508.3,
28-Apr-13,505.0,
29-Apr-13,502.3,
30-Apr-13,500.7,
2-May-13,492.9,
5-May-13,488.0,
6-May-13,481.9,
7-May-13,490.4,
8-May-13,486.4,
9-May-13,486.2,
12-May-13,483.4,
13-May-13,488.7,
14-May-13,490.5,
15-May-13,494.5,
16-May-13,500.0,
19-May-13,498.0,
20-May-13,497.6,
21-May-13,500.4,
22-May-13,498.9,
23-May-13,497.0,
26-May-13,499.2,
27-May-13,503.8,
28-May-13,500.8,
30-May-13,500.2,
2-Jun-13,496.8,
3-Jun-13,498.9,
4-Jun-13,498.5,
5-Jun-13,498.3,
6-Jun-13,498.4,
9-Jun-13,497.4,
10-Jun-13,495.9,
11-Jun-13,495.6,
12-Jun-13,495.4,
13-Jun-13,494.4,
16-Jun-13,495.0,
17-Jun-13,493.4,
18-Jun-13,491.1,
19-Jun-13,490.0,
20-Jun-13,488.6,
23-Jun-13,487.6,
24-Jun-13,489.0,
25-Jun-13,494.0,
26-Jun-13,498.1,
27-Jun-13,495.6,
30-Jun-13,493.2,
1-Jul-13,494.4,
2-Jul-13,494.3,
3-Jul-13,494.5,
4-Jul-13,493.7,
7-Jul-13,494.5,
8-Jul-13,501.0,
9-Jul-13,505.7,
10-Jul-13,505.4,
11-Jul-13,506.5,
14-Jul-13,511.2,
15-Jul-13,518.3,
16-Jul-13,509.3,
17-Jul-13,511.6,
18-Jul-13,521.5,
21-Jul-13,535.7,
22-Jul-13,532.9,
23-Jul-13,533.0,
24-Jul-13,529.7,
25-Jul-13,529.1,
28-Jul-13,534.2,
29-Jul-13,539.1,
30-Jul-13,546.0,
31-Jul-13,547.6,
1-Aug-13,546.8,
4-Aug-13,546.6,
5-Aug-13,540.9,
6-Aug-13,542.8,
7-Aug-13,542.4,
8-Aug-13,542.6,
11-Aug-13,539.4,
12-Aug-13,538.5,
13-Aug-13,538.3,
14-Aug-13,537.1,
15-Aug-13,536.4,
18-Aug-13,540.5,
19-Aug-13,543.7,
20-Aug-13,548.3,
25-Aug-13,548.0,
26-Aug-13,546.7,
27-Aug-13,552.2,
29-Aug-13,551.4,
1-Sep-13,551.6,
2-Sep-13,550.3,
3-Sep-13,548.2,
4-Sep-13,545.5,
5-Sep-13,546.5,
8-Sep-13,552.0,
9-Sep-13,552.3,
10-Sep-13,547.6,
11-Sep-13,548.5,
12-Sep-13,549.8,
15-Sep-13,550.0,
16-Sep-13,552.0,
17-Sep-13,552.0,
19-Sep-13,549.0,
22-Sep-13,541.5,
23-Sep-13,538.3,
24-Sep-13,542.0,
25-Sep-13,543.4,
26-Sep-13,541.7,
29-Sep-13,541.9,
30-Sep-13,542.0,
1-Oct-13,541.9,
2-Oct-13,543.2,
3-Oct-13,545.5,
6-Oct-13,551.7,
7-Oct-13,555.7,
8-Oct-13,556.8,
9-Oct-13,560.5,
10-Oct-13,567.0,
17-Oct-13,571.8,
20-Oct-13,584.1,
21-Oct-13,587.9,
22-Oct-13,581.8,
23-Oct-13,580.6,
24-Oct-13,579.6,
27-Oct-13,577.8,
28-Oct-13,575.4,
29-Oct-13,575.6,
30-Oct-13,578.7,
31-Oct-13,579.4,
6-Nov-13,579.2,
7-Nov-13,579.5,
10-Nov-13,580.5,
11-Nov-13,591.2,
12-Nov-13,598.0,
13-Nov-13,600.1,
14-Nov-13,600.6,
21-Nov-13,634.3,
24-Nov-13,656.8,
25-Nov-13,648.0,
26-Nov-13,649.1,
27-Nov-13,647.2,
28-Nov-13,644.0,
1-Dec-13,652.0,
2-Dec-13,661.8,
3-Dec-13,677.8,
4-Dec-13,700.8,
5-Dec-13,707.4,
8-Dec-13,702.5,
9-Dec-13,704.2,
10-Dec-13,699.8,
11-Dec-13,710.8,
12-Dec-13,713.9,
15-Dec-13,733.3,
16-Dec-13,771.2,
18-Dec-13,806.8,
19-Dec-13,805.7,
22-Dec-13,795.2,
23-Dec-13,768.7,
24-Dec-13,777.2,
26-Dec-13,787.4,
29-Dec-13,779.8,
31-Dec-13,770.9,
1-Jan-14,754.4,
2-Jan-14,763.8,
5-Jan-14,758.5,
6-Jan-14,757.3,
7-Jan-14,761.5,
8-Jan-14,771.7,
9-Jan-14,772.8,
12-Jan-14,782.2,
13-Jan-14,782.4,
14-Jan-14,787.3,
16-Jan-14,794.6,
19-Jan-14,795.3,
20-Jan-14,790.3,
21-Jan-14,785.5,
22-Jan-14,783.9,
23-Jan-14,785.7,
26-Jan-14,783.7,
27-Jan-14,780.5,
28-Jan-14,782.4,
29-Jan-14,781.5,
2-Feb-14,775.9,
3-Feb-14,769.5,
4-Feb-14,774.9,
5-Feb-14,781.4,
6-Feb-14,785.8,
9-Feb-14,784.0,
10-Feb-14,803.1,
11-Feb-14,796.6,
12-Feb-14,798.3,
13-Feb-14,803.1,
16-Feb-14,801.3,
17-Feb-14,803.7,
18-Feb-14,814.6,
20-Feb-14,822.7,
23-Feb-14,831.9,
24-Feb-14,829.9,
25-Feb-14,829.4,
26-Feb-14,825.7,
3-Mar-14,811.0,
4-Mar-14,800.1,
5-Mar-14,810.5,
6-Mar-14,805.7,
9-Mar-14,796.5,
10-Mar-14,793.6,
11-Mar-14,788.0,
12-Mar-14,780.5,
13-Mar-14,783.1,
17-Mar-14,768.5,
18-Mar-14,755.0,
19-Mar-14,764.9,
20-Mar-14,775.3,
23-Mar-14,774.8,
24-Mar-14,782.8,
25-Mar-14,780.5,
26-Mar-14,781.0,
27-Mar-14,783.2,
31-Mar-14,792.2,
1-Apr-14,801.0,
2-Apr-14,803.0,
3-Apr-14,800.6,
6-Apr-14,797.4,
7-Apr-14,795.9,
9-Apr-14,801.7,
10-Apr-14,811.3,
13-Apr-14,817.7,
15-Apr-14,818.6,
16-Apr-14,811.5,
17-Apr-14,811.1,
20-Apr-14,808.5,
21-Apr-14,808.1,
22-Apr-14,815.5,
23-Apr-14,820.4,
27-Apr-14,818.6,
28-Apr-14,814.2,
29-Apr-14,816.3,
30-Apr-14,823.2,
4-May-14,830.7,
5-May-14,846.8,
6-May-14,861.5,
7-May-14,866.3,
8-May-14,856.8,
11-May-14,849.6,
12-May-14,852.7,
13-May-14,852.1,
15-May-14,853.2,
18-May-14,849.7,
19-May-14,844.5,
20-May-14,844.4,
21-May-14,848.5,
22-May-14,852.1,
25-May-14,861.5,
26-May-14,860.6,
27-May-14,856.5,
28-May-14,866.6,
1-Jun-14,869.2,
2-Jun-14,880.2,
3-Jun-14,884.7,
4-Jun-14,882.9,
5-Jun-14,879.3,
8-Jun-14,883.2,
9-Jun-14,885.2,
10-Jun-14,895.0,
11-Jun-14,899.5,
12-Jun-14,904.6,
15-Jun-14,927.6,
16-Jun-14,938.9,
17-Jun-14,935.5,
18-Jun-14,932.2,
19-Jun-14,926.5,
23-Jun-14,917.6,
24-Jun-14,923.6,
25-Jun-14,932.2,
26-Jun-14,936.3,
29-Jun-14,943.5,
30-Jun-14,945.8,
1-Jul-14,956.6,
2-Jul-14,972.5,
3-Jul-14,972.9,
6-Jul-14,986.3,
7-Jul-14,995.2,
8-Jul-14,1014.7,
9-Jul-14,1016.5,
10-Jul-14,1023.5,
13-Jul-14,1037.0,
14-Jul-14,1028.9,
15-Jul-14,1025.7,
16-Jul-14,1036.1,
17-Jul-14,1045.9,
20-Jul-14,1075.0,
21-Jul-14,1083.6,
22-Jul-14,1077.7,
23-Jul-14,1081.5,
24-Jul-14,1079.1,
27-Jul-14,1073.9,
28-Jul-14,1072.8,
30-Jul-14,1062.4,
31-Jul-14,1066.1,
3-Aug-14,1056.4,
4-Aug-14,1039.0,
5-Aug-14,1044.7,
6-Aug-14,1041.2,
7-Aug-14,1040.6,
12-Aug-14,1021.9,
13-Aug-14,1026.2,
14-Aug-14,1034.4,
18-Aug-14,1013.3,
19-Aug-14,1013.6,
20-Aug-14,995.7,
21-Aug-14,998.1,
24-Aug-14,985.5,
25-Aug-14,947.8,
26-Aug-14,921.9,
27-Aug-14,960.4,
28-Aug-14,972.2,
31-Aug-14,952.6,
1-Sep-14,946.6,
3-Sep-14,934.0,
4-Sep-14,921.7,
7-Sep-14,875.6,
9-Sep-14,920.1,
10-Sep-14,910.6,
11-Sep-14,910.7,
14-Sep-14,902.2,
15-Sep-14,909.4,
16-Sep-14,919.9,
17-Sep-14,913.4,
18-Sep-14,899.9,
21-Sep-14,883.5,
22-Sep-14,881.9,
23-Sep-14,896.0,
24-Sep-14,912.3,
28-Sep-14,916.6,
29-Sep-14,937.3,
30-Sep-14,938.0,
8-Oct-14,925.2,
9-Oct-14,921.9,
12-Oct-14,915.0,
13-Oct-14,908.8,
14-Oct-14,911.8,
15-Oct-14,923.1,
16-Oct-14,923.6,
19-Oct-14,925.9,
20-Oct-14,925.5,
21-Oct-14,924.3,
22-Oct-14,929.0,
26-Oct-14,930.3,
27-Oct-14,935.0,
28-Oct-14,933.1,
30-Oct-14,930.2,
2-Nov-14,921.3,
3-Nov-14,904.0,
4-Nov-14,897.5,
5-Nov-14,904.7,
6-Nov-14,904.9,
9-Nov-14,895.4,
10-Nov-14,884.7,
11-Nov-14,892.5,
12-Nov-14,884.4,
13-Nov-14,881.0,
16-Nov-14,866.2,
17-Nov-14,848.2,
18-Nov-14,844.1,
19-Nov-14,854.0,
20-Nov-14,862.5,
23-Nov-14,869.2,
24-Nov-14,864.3,
25-Nov-14,863.0,
30-Nov-14,856.9,
1-Dec-14,851.4,
2-Dec-14,846.4,
3-Dec-14,850.2,
4-Dec-14,853.8,
7-Dec-14,850.9,
8-Dec-14,848.4,
9-Dec-14,848.7,
10-Dec-14,855.5,
11-Dec-14,870.6,
14-Dec-14,910.0,
15-Dec-14,916.7,
16-Dec-14,910.2,
17-Dec-14,900.4,
18-Dec-14,903.9,
21-Dec-14,896.6,
22-Dec-14,885.4,
23-Dec-14,877.2,
24-Dec-14,887.8,
28-Dec-14,903.7,
29-Dec-14,907.2,
31-Dec-14,902.3,
1-Jan-15,903.7,
4-Jan-15,917.5,
5-Jan-15,919.8,
6-Jan-15,917.4,
7-Jan-15,924.5,
8-Jan-15,931.0,
11-Jan-15,928.3,
12-Jan-15,927.8,
13-Jan-15,937.5,
14-Jan-15,939.5,
18-Jan-15,945.4,
19-Jan-15,975.5,
20-Jan-15,962.8,
22-Jan-15,959.2,
25-Jan-15,969.1,
26-Jan-15,968.6,
27-Jan-15,975.1,
28-Jan-15,988.1,
29-Jan-15,986.7,
1-Feb-15,991.4,
2-Feb-15,990.8,
3-Feb-15,987.6,
4-Feb-15,987.0,
5-Feb-15,984.2,
8-Feb-15,986.0,
9-Feb-15,980.7,
10-Feb-15,980.5,
11-Feb-15,981.0,
12-Feb-15,984.5,
15-Feb-15,989.9,
16-Feb-15,987.1,
18-Feb-15,982.7,
22-Feb-15,971.5,
23-Feb-15,974.0,
24-Feb-15,970.8,
25-Feb-15,970.6,
26-Feb-15,979.3,
1-Mar-15,975.7,
2-Mar-15,984.9,
3-Mar-15,981.4,
4-Mar-15,983.5,
9-Mar-15,988.8,
10-Mar-15,984.4,
11-Mar-15,984.1,
12-Mar-15,978.4,
15-Mar-15,970.7,
16-Mar-15,959.1,
17-Mar-15,963.5,
18-Mar-15,964.2,
19-Mar-15,967.6,
22-Mar-15,964.1,
23-Mar-15,956.6,
24-Mar-15,953.8,
25-Mar-15,951.3,
26-Mar-15,942.4,
29-Mar-15,942.3,
30-Mar-15,939.1,
31-Mar-15,945.7,
1-Apr-15,939.5,
2-Apr-15,940.1,
5-Apr-15,934.3,
6-Apr-15,938.1,
7-Apr-15,935.5,
8-Apr-15,942.2,
9-Apr-15,946.9,
12-Apr-15,952.0,
13-Apr-15,948.4,
15-Apr-15,944.1,
16-Apr-15,949.9,
19-Apr-15,945.7,
20-Apr-15,945.0,
21-Apr-15,945.1,
22-Apr-15,942.0,
23-Apr-15,938.2,
24-May-15,909.8,
25-May-15,880.5,
26-May-15,860.0,
27-May-15,837.8,
28-May-15,842.0,
31-May-15,871.9,
1-Jun-15,890.4,
2-Jun-15,902.0,
3-Jun-15,925.5,
4-Jun-15,926.8,
7-Jun-15,931.2,
8-Jun-15,945.5,
9-Jun-15,966.6,
10-Jun-15,955.7,
11-Jun-15,938.0,
14-Jun-15,928.4,
15-Jun-15,933.7,
16-Jun-15,930.7,
17-Jun-15,927.9,
18-Jun-15,924.6,
21-Jun-15,918.0,
22-Jun-15,922.5,
23-Jun-15,926.1,
24-Jun-15,928.1,
25-Jun-15,930.4,
28-Jun-15,938.0,
29-Jun-15,946.3,
30-Jun-15,949.1,
1-Jul-15,945.8,
2-Jul-15,939.0,
5-Jul-15,938.0,
6-Jul-15,936.8,
7-Jul-15,941.4,
8-Jul-15,943.2,
9-Jul-15,943.4,
12-Jul-15,945.0,
13-Jul-15,944.0,
14-Jul-15,946.5,
15-Jul-15,950.7,
16-Jul-15,961.2,
22-Jul-15,963.3,
23-Jul-15,1003.4,
26-Jul-15,1054.0,
27-Jul-15,1046.4,
28-Jul-15,1028.1,
29-Jul-15,1021.3,
30-Jul-15,1028.0,
2-Aug-15,1034.1,
3-Aug-15,1030.4,
4-Aug-15,1029.9,
5-Aug-15,1034.0,
6-Aug-15,1040.4,
9-Aug-15,1063.4,
10-Aug-15,1081.4,
11-Aug-15,1077.8,
12-Aug-15,1077.2,
13-Aug-15,1088.4,
16-Aug-15,1112.1,
17-Aug-15,1157.6,
18-Aug-15,1159.9,
19-Aug-15,1191.9,
20-Aug-15,1200.9,
23-Aug-15,1184.7,
24-Aug-15,1181.8,
25-Aug-15,1181.4,
26-Aug-15,1175.6,
27-Aug-15,1183.8,
31-Aug-15,1200.2,
1-Sep-15,1191.3,
2-Sep-15,1176.3,
3-Sep-15,1169.4,
6-Sep-15,1166.7,
7-Sep-15,1171.0,
8-Sep-15,1174.7,
9-Sep-15,1173.2,
10-Sep-15,1168.7,
13-Sep-15,1183.9,
14-Sep-15,1194.1,
15-Sep-15,1205.8,
16-Sep-15,1202.8,
17-Sep-15,1196.0,
22-Sep-15,1156.1,
23-Sep-15,1183.4,
24-Sep-15,1176.9,
28-Sep-15,1160.1,
29-Sep-15,1169.3,
30-Sep-15,1181.3,
1-Oct-15,1178.7,
4-Oct-15,1183.5,
5-Oct-15,1171.3,
6-Oct-15,1158.8,
7-Oct-15,1149.5,
8-Oct-15,1162.1,
11-Oct-15,1143.9,
14-Oct-15,1135.1,
15-Oct-15,1134.5,
18-Oct-15,1119.8,
19-Oct-15,1127.4,
25-Oct-15,1121.1,
27-Oct-15,1091.7,
28-Oct-15,1084.4,
29-Oct-15,1092.0,
1-Nov-15,1088.3,
2-Nov-15,1091.8,
3-Nov-15,1085.9,
4-Nov-15,1092.3,
5-Nov-15,1090.7,
8-Nov-15,1086.6,
9-Nov-15,1107.4,
10-Nov-15,1109.3,
15-Nov-15,1100.1,
16-Nov-15,1094.2,
18-Nov-15,1099.3,
19-Nov-15,1094.6,
22-Nov-15,1071.4,
23-Nov-15,1075.8,
24-Nov-15,1066.7,
25-Nov-15,1056.4,
26-Nov-15,1044.0,
29-Nov-15,1022.8,
30-Nov-15,1034.1,
1-Dec-15,1066.4,
2-Dec-15,1062.8,
3-Dec-15,1072.9,
6-Dec-15,1102.8,
7-Dec-15,1107.9,
8-Dec-15,1107.2,
9-Dec-15,1122.8,
10-Dec-15,1119.4,
13-Dec-15,1118.6,
14-Dec-15,1120.2,
15-Dec-15,1121.0,
16-Dec-15,1116.2,
17-Dec-15,1110.7,
20-Dec-15,1119.0,
21-Dec-15,1131.5,
22-Dec-15,1138.2,
23-Dec-15,1133.3,
24-Dec-15,1137.0,
27-Dec-15,1135.5,
28-Dec-15,1132.0,
29-Dec-15,1142.2,
31-Dec-15,1151.4,
3-Jan-16,1160.8,
4-Jan-16,1154.6,
5-Jan-16,1146.8,
6-Jan-16,1149.9,
7-Jan-16,1164.1,
10-Jan-16,1167.2,
11-Jan-16,1168.8,
12-Jan-16,1173.6,
13-Jan-16,1181.0,
14-Jan-16,1190.2,
17-Jan-16,1212.0,
18-Jan-16,1214.3,
19-Jan-16,1213.7,
20-Jan-16,1213.6,
21-Jan-16,1212.3,
24-Jan-16,1219.6,
25-Jan-16,1222.4,
26-Jan-16,1218.4,
27-Jan-16,1217.0,
28-Jan-16,1216.1,
31-Jan-16,1220.7,
1-Feb-16,1238.0,
2-Feb-16,1240.1,
3-Feb-16,1242.1,
4-Feb-16,1251.4,
7-Feb-16,1262.8,
8-Feb-16,1263.8,
11-Feb-16,1263.7,
14-Feb-16,1259.4,
15-Feb-16,1258.2,
16-Feb-16,1257.3,
17-Feb-16,1266.1,
18-Feb-16,1273.3,
21-Feb-16,1278.9,
22-Feb-16,1291.8,
23-Feb-16,1285.9,
24-Feb-16,1279.9,
25-Feb-16,1283.5,
28-Feb-16,1283.7,
29-Feb-16,1283.9,
1-Mar-16,1289.5,
2-Mar-16,1295.8,
3-Mar-16,1300.8,
6-Mar-16,1306.5,
10-Mar-16,1318.0,
13-Mar-16,1318.9,
14-Mar-16,1312.2,
15-Mar-16,1312.9,
16-Mar-16,1315.8,
17-Mar-16,1326.5,
20-Mar-16,1343.9,
21-Mar-16,1342.1,
23-Mar-16,1345.5,
24-Mar-16,1357.1,
27-Mar-16,1377.3,
28-Mar-16,1374.8,
29-Mar-16,1370.0,
30-Mar-16,1363.0,
31-Mar-16,1355.5,
3-Apr-16,1351.5,
4-Apr-16,1362.5,
5-Apr-16,1375.3,
6-Apr-16,1377.4,
10-Apr-16,1382.4,
11-Apr-16,1383.9,
12-Apr-16,1388.6,
14-Apr-16,1405.8,
17-Apr-16,1409.4,
18-Apr-16,1428.6,
19-Apr-16,1430.8,
20-Apr-16,1440.7,
21-Apr-16,1441.7,
24-Apr-16,1454.4,
25-Apr-16,1461.8,
26-Apr-16,1453.1,
27-Apr-16,1458.4,
28-Apr-16,1464.9,
2-May-16,1474.5,
3-May-16,1472.0,
4-May-16,1468.1,
5-May-16,1463.1,
8-May-16,1472.7,
9-May-16,1482.9,
10-May-16,1484.0,
11-May-16,1481.2,
12-May-16,1481.9,
15-May-16,1477.4,
16-May-16,1467.5,
17-May-16,1483.7,
18-May-16,1496.4,
19-May-16,1499.3,
22-May-16,1509.4,
23-May-16,1524.1,
24-May-16,1544.5,
25-May-16,1524.1,
26-May-16,1525.1,
29-May-16,1522.3,
30-May-16,1527.0,
31-May-16,1532.1,
1-Jun-16,1523.6,
2-Jun-16,1518.1,
5-Jun-16,1483.1,
6-Jun-16,1516.8,
7-Jun-16,1531.5,
8-Jun-16,1546.8,
9-Jun-16,1566.7,
12-Jun-16,1598.0,
13-Jun-16,1609.6,
14-Jun-16,1614.2,
15-Jun-16,1620.5,
16-Jun-16,1632.9,
19-Jun-16,1622.3,
20-Jun-16,1615.1,
21-Jun-16,1628.8,
22-Jun-16,1647.5,
23-Jun-16,1666.3,
26-Jun-16,1685.2,
27-Jun-16,1712.8,
28-Jun-16,1724.2,
29-Jun-16,1724.6,
30-Jun-16,1723.2,
3-Jul-16,1719.2,
4-Jul-16,1716.8,
5-Jul-16,1713.0,
6-Jul-16,1715.7,
10-Jul-16,1722.5,
11-Jul-16,1702.3,
12-Jul-16,1693.1,
13-Jul-16,1690.4,
14-Jul-16,1718.2,
17-Jul-16,1745.7,
18-Jul-16,1786.6,
19-Jul-16,1800.5,
20-Jul-16,1786.8,
21-Jul-16,1798.8,
24-Jul-16,1798.8,
25-Jul-16,1838.5,
26-Jul-16,1866.5,
27-Jul-16,1881.5,
28-Jul-16,1877.9,
31-Jul-16,1862.8,
1-Aug-16,1845.4,
2-Aug-16,1826.5,
3-Aug-16,1813.7,
4-Aug-16,1768.6,
7-Aug-16,1764.7,
8-Aug-16,1675.9,
9-Aug-16,1760.4,
10-Aug-16,1779.6,
11-Aug-16,1774.9,
14-Aug-16,1733.9,
15-Aug-16,1694.8,
16-Aug-16,1717.5,
17-Aug-16,1735.1,
21-Aug-16,1722.4,
22-Aug-16,1683.1,
23-Aug-16,1681.9,
24-Aug-16,1730.6,
28-Aug-16,1748.2,
29-Aug-16,1766.5,
30-Aug-16,1788.1,
31-Aug-16,1797.5,
1-Sep-16,1805.2,
4-Sep-16,1819.8,
5-Sep-16,1838.9,
6-Sep-16,1834.8,
7-Sep-16,1824.8,
8-Sep-16,1823.1,
11-Sep-16,1816.8,
12-Sep-16,1818.7,
14-Sep-16,1815.2,
18-Sep-16,1804.5,
20-Sep-16,1786.5,
21-Sep-16,1779.1,
22-Sep-16,1766.9,
25-Sep-16,1730.6,
26-Sep-16,1757.1,
27-Sep-16,1753.7,
28-Sep-16,1749.1,
29-Sep-16,1753.4,
2-Oct-16,1763.8,
3-Oct-16,1780.4,
4-Oct-16,1798.5,
5-Oct-16,1806.6,
6-Oct-16,1819.9,
16-Oct-16,1803.7,
17-Oct-16,1793.4,
18-Oct-16,1792.7,
19-Oct-16,1787.9,
20-Oct-16,1794.5,
23-Oct-16,1782.4,
24-Oct-16,1768.9,
25-Oct-16,1751.0,
26-Oct-16,1753.5,
27-Oct-16,1759.7,
3-Nov-16,1762.2,
7-Nov-16,1749.1,
8-Nov-16,1724.5,
9-Nov-16,1696.9,
10-Nov-16,1697.2,
13-Nov-16,1700.0,
14-Nov-16,1706.3,
15-Nov-16,1701.9,
16-Nov-16,1698.9,
17-Nov-16,1658.1,
20-Nov-16,1599.6,
21-Nov-16,1606.3,
22-Nov-16,1582.5,
23-Nov-16,1540.0,
24-Nov-16,1534.0,
27-Nov-16,1469.5,
28-Nov-16,1510.2,
29-Nov-16,1553.7,
30-Nov-16,1608.3,
1-Dec-16,1600.5,
4-Dec-16,1571.0,
5-Dec-16,1544.6,
6-Dec-16,1554.5,
7-Dec-16,1553.9,
8-Dec-16,1544.7,
11-Dec-16,1522.8,
12-Dec-16,1509.4,
14-Dec-16,1516.1,
15-Dec-16,1530.1,
18-Dec-16,1531.4,
19-Dec-16,1514.9,
20-Dec-16,1496.0,
21-Dec-16,1470.6,
22-Dec-16,1475.4,
26-Dec-16,1432.6,
27-Dec-16,1407.5,
28-Dec-16,1413.2,
29-Dec-16,1443.4,
1-Jan-17,1465.7,
2-Jan-17,1482.9,
3-Jan-17,1456.8,
4-Jan-17,1457.8,
5-Jan-17,1454.1,
8-Jan-17,1447.5,
9-Jan-17,1459.0,
10-Jan-17,1476.9,
11-Jan-17,1476.5,
12-Jan-17,1479.9,
15-Jan-17,1477.7,
16-Jan-17,1466.1,
17-Jan-17,1463.0,
18-Jan-17,1462.2,
19-Jan-17,1462.6,
22-Jan-17,1465.8,
23-Jan-17,1457.9,
24-Jan-17,1433.0,
25-Jan-17,1396.6,
26-Jan-17,1375.1,
30-Jan-17,1309.7,
31-Jan-17,1326.6,
1-Feb-17,1389.8,
2-Feb-17,1382.5,
5-Feb-17,1364.5,
6-Feb-17,1348.8,
7-Feb-17,1344.6,
8-Feb-17,1323.0,
9-Feb-17,1296.2,
12-Feb-17,1252.5,
13-Feb-17,1279.0,
14-Feb-17,1275.0,
15-Feb-17,1316.8,
16-Feb-17,1343.9,
19-Feb-17,1369.4,
20-Feb-17,1365.1,
21-Feb-17,1357.6,
22-Feb-17,1344.1,
23-Feb-17,1337.5,
26-Feb-17,1313.0,
28-Feb-17,1299.3,
1-Mar-17,1316.8,
2-Mar-17,1329.4,
5-Mar-17,1354.3,
6-Mar-17,1358.4,
7-Mar-17,1341.6,
9-Mar-17,1347.5,
13-Mar-17,1355.2,
14-Mar-17,1347.1,
15-Mar-17,1356.1,
16-Mar-17,1357.3,
19-Mar-17,1382.2,
20-Mar-17,1424.4,
21-Mar-17,1462.2,
22-Mar-17,1481.1,
23-Mar-17,1486.0,
26-Mar-17,1533.8,
28-Mar-17,1610.6,
29-Mar-17,1588.3,
30-Mar-17,1587.6,
2-Apr-17,1667.1,
3-Apr-17,1660.5,
4-Apr-17,1657.0,
6-Apr-17,1651.0,
9-Apr-17,1651.6,
10-Apr-17,1676.2,
11-Apr-17,1709.8,
12-Apr-17,1703.1,
13-Apr-17,1697.1,
16-Apr-17,1651.6,
18-Apr-17,1612.0,
19-Apr-17,1662.0,
20-Apr-17,1658.3,
23-Apr-17,1693.7,
24-Apr-17,1675.8,
25-Apr-17,1672.4,
26-Apr-17,1670.3,
27-Apr-17,1670.6,
30-Apr-17,1650.8,
2-May-17,1658.3,
3-May-17,1662.4,
4-May-17,1653.2,
7-May-17,1629.0,
8-May-17,1637.3,
9-May-17,1650.8,
11-May-17,1658.6,
15-May-17,1659.2,
16-May-17,1649.2,
17-May-17,1644.3,
18-May-17,1643.9,
21-May-17,1627.2,
22-May-17,1616.4,
23-May-17,1626.5,
24-May-17,1629.6,
28-May-17,1615.6,
30-May-17,1594.4,
31-May-17,1608.1,
1-Jun-17,1604.3,
4-Jun-17,1593.8,
5-Jun-17,1602.7,
6-Jun-17,1637.4,
7-Jun-17,1623.1,
8-Jun-17,1615.2,
11-Jun-17,1590.5,
12-Jun-17,1580.5,
13-Jun-17,1585.2,
14-Jun-17,1584.5,
15-Jun-17,1589.6,
18-Jun-17,1576.0,
19-Jun-17,1555.2,
20-Jun-17,1551.1,
21-Jun-17,1554.7,
22-Jun-17,1559.5,
25-Jun-17,1567.7,
27-Jun-17,1565.1,
28-Jun-17,1563.8,
29-Jun-17,1563.8,
2-Jul-17,1541.8,
3-Jul-17,1544.3,
4-Jul-17,1541.3,
5-Jul-17,1551.1,
6-Jul-17,1582.1,
9-Jul-17,1584.2,
10-Jul-17,1575.2,
11-Jul-17,1585.0,
12-Jul-17,1587.6,
13-Jul-17,1582.7,
16-Jul-17,1583.6,
17-Jul-17,1604.2,
18-Jul-17,1638.4,
19-Jul-17,1637.3,
20-Jul-17,1635.8,
23-Jul-17,1635.6,
24-Jul-17,1629.1,
25-Jul-17,1636.2,
26-Jul-17,1645.0,
27-Jul-17,1646.5,
30-Jul-17,1643.3,
31-Jul-17,1652.7,
1-Aug-17,1660.3,
2-Aug-17,1662.7,
3-Aug-17,1660.6,
6-Aug-17,1665.1,
7-Aug-17,1667.9,
9-Aug-17,1661.7,
10-Aug-17,1653.5,
13-Aug-17,1642.1,
15-Aug-17,1629.2,
16-Aug-17,1632.7,
17-Aug-17,1629.8,
20-Aug-17,1618.0,
21-Aug-17,1611.6,
22-Aug-17,1614.1,
23-Aug-17,1611.3,
24-Aug-17,1617.8,
27-Aug-17,1622.3,
28-Aug-17,1612.9,
30-Aug-17,1598.4,
31-Aug-17,1580.0,
4-Sep-17,1554.6,
6-Sep-17,1566.5,
7-Sep-17,1554.6,
10-Sep-17,1519.7,
11-Sep-17,1523.3,
12-Sep-17,1502.2,
13-Sep-17,1493.2,
14-Sep-17,1530.3,
17-Sep-17,1547.9,
18-Sep-17,1543.7,
20-Sep-17,1539.8,
24-Sep-17,1536.9,
25-Sep-17,1545.4,
26-Sep-17,1549.5,
3-Oct-17,1556.4,
4-Oct-17,1542.7,
8-Oct-17,1510.0,
9-Oct-17,1501.9,
10-Oct-17,1502.6,
11-Oct-17,1506.0,
12-Oct-17,1510.0,
15-Oct-17,1518.3,
16-Oct-17,1564.9,
17-Oct-17,1559.2,
18-Oct-17,1568.4,
22-Oct-17,1571.9,
23-Oct-17,1568.3,
24-Oct-17,1567.6,
25-Oct-17,1553.7,
29-Oct-17,1540.2,
30-Oct-17,1536.7,
31-Oct-17,1533.5,
1-Nov-17,1526.5,
2-Nov-17,1522.8,
5-Nov-17,1496.5,
6-Nov-17,1493.4,
7-Nov-17,1484.5,
8-Nov-17,1466.6,
9-Nov-17,1460.7,
12-Nov-17,1477.1,
13-Nov-17,1490.9,
14-Nov-17,1516.0,
15-Nov-17,1504.8,
16-Nov-17,1489.1,
19-Nov-17,1475.7,
20-Nov-17,1469.2,
21-Nov-17,1472.2,
22-Nov-17,1480.3,
23-Nov-17,1493.3,
26-Nov-17,1514.3,
27-Nov-17,1513.7,
28-Nov-17,1523.9,
29-Nov-17,1536.1,
30-Nov-17,1537.7,
4-Dec-17,1526.8,
5-Dec-17,1524.9,
6-Dec-17,1536.5,
10-Dec-17,1530.5,
11-Dec-17,1527.8,
12-Dec-17,1510.2,
13-Dec-17,1520.7,
14-Dec-17,1520.2,
17-Dec-17,1509.1,
18-Dec-17,1508.3,
19-Dec-17,1493.8,
20-Dec-17,1484.5,
21-Dec-17,1472.2,
24-Dec-17,1467.7,
26-Dec-17,1447.0,
27-Dec-17,1425.5,
28-Dec-17,1414.8,
31-Dec-17,1390.6,
1-Jan-18,1434.8,
2-Jan-18,1437.2,
3-Jan-18,1416.6,
4-Jan-18,1423.8,
7-Jan-18,1431.8,
8-Jan-18,1443.8,
9-Jan-18,1456.1,
10-Jan-18,1440.3,
14-Jan-18,1431.1,
16-Jan-18,1413.7,
17-Jan-18,1406.5,
21-Jan-18,1402.7,
22-Jan-18,1402.1,
23-Jan-18,1393.0,
24-Jan-18,1394.7,
25-Jan-18,1404.5,
28-Jan-18,1406.0,
29-Jan-18,1402.2,
31-Jan-18,1404.5,
1-Feb-18,1411.5,
4-Feb-18,1410.5,
5-Feb-18,1400.1,
6-Feb-18,1394.0,
7-Feb-18,1382.0,
8-Feb-18,1391.0,
11-Feb-18,1384.7,
12-Feb-18,1380.3,
14-Feb-18,1388.9,
15-Feb-18,1425.0,
18-Feb-18,1413.9,
20-Feb-18,1396.7,
21-Feb-18,1387.1,
22-Feb-18,1387.0,
25-Feb-18,1374.7,
26-Feb-18,1359.0,
27-Feb-18,1364.8,
28-Feb-18,1346.0,
4-Mar-18,1304.4,
5-Mar-18,1287.7,
6-Mar-18,1296.4,
7-Mar-18,1315.1,
11-Mar-18,1284.1,
12-Mar-18,1277.0,
13-Mar-18,1281.9,
14-Mar-18,1286.0,
15-Mar-18,1288.4,
18-Mar-18,1279.0,
19-Mar-18,1270.5,
20-Mar-18,1255.5,
21-Mar-18,1231.1,
22-Mar-18,1220.4,
26-Mar-18,1168.6,
27-Mar-18,1207.7,
28-Mar-18,1204.8,
29-Mar-18,1220.3,
1-Apr-18,1196.2,
2-Apr-18,1193.0,
3-Apr-18,1199.0,
4-Apr-18,1226.5,
5-Apr-18,1250.4,
8-Apr-18,1294.7,
9-Apr-18,1287.8,
10-Apr-18,1270.2,
11-Apr-18,1273.3,
12-Apr-18,1277.6,
15-Apr-18,1280.2,
16-Apr-18,1297.6,
17-Apr-18,1331.2,
18-Apr-18,1363.0,
19-Apr-18,1388.3,
22-Apr-18,1438.5,
23-Apr-18,1410.9,
24-Apr-18,1394.9,
25-Apr-18,1386.5,
26-Apr-18,1357.2,
29-Apr-18,1349.0,
2-May-18,1360.4,
3-May-18,1366.2,
6-May-18,1353.6,
7-May-18,1345.4,
8-May-18,1361.0,
9-May-18,1356.2,
10-May-18,1348.5,
14-May-18,1338.2,
15-May-18,1333.9,
16-May-18,1338.0,
17-May-18,1339.7,
20-May-18,1339.2,
21-May-18,1337.1,
22-May-18,1332.8,
23-May-18,1328.3,
24-May-18,1318.2,
27-May-18,1300.4,
28-May-18,1336.4,
29-May-18,1327.2,
30-May-18,1322.3,
31-May-18,1307.7,
3-Jun-18,1274.0,
4-Jun-18,1268.8,
5-Jun-18,1268.8,
6-Jun-18,1282.8,
7-Jun-18,1257.1,
10-Jun-18,1231.6,
11-Jun-18,1241.2,
12-Jun-18,1239.3,
13-Jun-18,1242.1,
14-Jun-18,1247.3,
17-Jun-18,1233.2,
18-Jun-18,1235.2,
19-Jun-18,1226.2,
20-Jun-18,1217.8,
21-Jun-18,1218.5,
24-Jun-18,1219.8,
25-Jun-18,1210.1,
26-Jun-18,1194.8,
27-Jun-18,1199.4,
28-Jun-18,1198.5,
1-Jul-18,1184.5,
2-Jul-18,1179.7,
3-Jul-18,1180.4,
4-Jul-18,1188.4,
5-Jul-18,1224.4,
8-Jul-18,1224.4,
9-Jul-18,1206.4,
10-Jul-18,1205.9,
11-Jul-18,1205.6,
12-Jul-18,1192.0,
15-Jul-18,1200.1,
16-Jul-18,1212.4,
17-Jul-18,1204.3,
18-Jul-18,1198.8,
19-Jul-18,1193.4,
22-Jul-18,1181.7,
23-Jul-18,1194.5,
24-Jul-18,1199.3,
25-Jul-18,1194.4,
26-Jul-18,1191.2,
29-Jul-18,1194.8,
30-Jul-18,1194.4,
31-Jul-18,1191.5,
1-Aug-18,1193.9,
2-Aug-18,1191.3,
5-Aug-18,1189.9,
6-Aug-18,1189.7,
7-Aug-18,1188.2,
8-Aug-18,1187.3,
9-Aug-18,1180.6,
12-Aug-18,1163.9,
13-Aug-18,1174.4,
14-Aug-18,1181.0,
15-Aug-18,1209.7,
16-Aug-18,1210.3,
19-Aug-18,1196.3,
20-Aug-18,1188.1,
21-Aug-18,1183.9,
22-Aug-18,1182.4,
23-Aug-18,1178.5,
26-Aug-18,1175.7,
28-Aug-18,1177.1,
29-Aug-18,1172.3,
30-Aug-18,1181.7,
2-Sep-18,1190.3,
3-Sep-18,1206.3,
4-Sep-18,1210.2,
5-Sep-18,1234.1,
6-Sep-18,1229.8,
9-Sep-18,1219.0,
10-Sep-18,1210.9,
11-Sep-18,1217.7,
12-Sep-18,1230.7,
13-Sep-18,1244.8,
16-Sep-18,1256.5,
17-Sep-18,1256.4,
18-Sep-18,1258.8,
20-Sep-18,1255.1,
23-Sep-18,1257.7,
25-Sep-18,1280.1,
26-Sep-18,1277.7,
27-Sep-18,1267.2,
30-Sep-18,1256.7,
1-Oct-18,1238.7,
2-Oct-18,1241.4,
3-Oct-18,1230.6,
4-Oct-18,1227.4,
7-Oct-18,1214.4,
8-Oct-18,1220.5,
9-Oct-18,1217.9,
10-Oct-18,1218.3,
11-Oct-18,1228.3,
14-Oct-18,1242.4,
15-Oct-18,1241.6,
21-Oct-18,1246.5,
22-Oct-18,1244.5,
23-Oct-18,1241.8,
24-Oct-18,1249.9,
25-Oct-18,1241.1,
28-Oct-18,1227.5,
29-Oct-18,1216.9,
30-Oct-18,1224.4,
31-Oct-18,1221.5,
1-Nov-18,1221.0,
4-Nov-18,1207.3,
5-Nov-18,1219.2,
6-Nov-18,1222.5,
11-Nov-18,1205.8,
12-Nov-18,1193.3,
13-Nov-18,1207.6,
14-Nov-18,1208.9,
15-Nov-18,1205.0,
18-Nov-18,1195.5,
19-Nov-18,1190.2,
20-Nov-18,1181.7,
21-Nov-18,1182.5,
22-Nov-18,1181.2,
25-Nov-18,1166.6,
26-Nov-18,1159.8,
27-Nov-18,1161.5,
28-Nov-18,1159.1,
29-Nov-18,1148.4,
2-Dec-18,1130.8,
3-Dec-18,1131.7,
4-Dec-18,1141.0,
5-Dec-18,1118.1,
6-Dec-18,1120.9,
9-Dec-18,1131.7,
10-Dec-18,1144.2,
11-Dec-18,1141.1,
12-Dec-18,1141.2,
13-Dec-18,1148.8,
16-Dec-18,1167.6,
17-Dec-18,1182.8,
18-Dec-18,1168.2,
19-Dec-18,1162.7,
20-Dec-18,1165.9,
23-Dec-18,1198.2,
24-Dec-18,1191.7,
25-Dec-18,1186.0,
26-Dec-18,1216.2,
27-Dec-18,1215.2,
30-Dec-18,1204.5,
31-Dec-18,1187.3,
1-Jan-19,1185.9,
2-Jan-19,1180.4,
3-Jan-19,1178.0,
6-Jan-19,1170.8,
7-Jan-19,1177.5,
8-Jan-19,1177.1,
9-Jan-19,1179.4,
10-Jan-19,1180.8,
13-Jan-19,1175.1,
14-Jan-19,1178.0,
15-Jan-19,1195.5,
16-Jan-19,1188.0,
17-Jan-19,1187.8,
20-Jan-19,1178.9,
21-Jan-19,1168.1,
22-Jan-19,1168.8,
23-Jan-19,1173.0,
24-Jan-19,1172.8,
27-Jan-19,1162.1,
28-Jan-19,1164.9,
29-Jan-19,1161.0,
30-Jan-19,1160.6,
31-Jan-19,1161.6,
3-Feb-19,1153.1,
4-Feb-19,1144.3,
5-Feb-19,1147.1,
6-Feb-19,1139.7,
7-Feb-19,1139.6,
10-Feb-19,1127.5,
11-Feb-19,1128.9,
12-Feb-19,1128.2,
13-Feb-19,1121.1,
14-Feb-19,1112.9,
17-Feb-19,1109.7,
18-Feb-19,1102.5,
19-Feb-19,1125.0,
20-Feb-19,1112.2,
21-Feb-19,1113.1,
24-Feb-19,1102.3,
25-Feb-19,1109.7,
26-Feb-19,1102.6,
27-Feb-19,1105.5,
3-Mar-19,1100.6,
5-Mar-19,1102.6,
6-Mar-19,1111.8,
7-Mar-19,1127.8,
10-Mar-19,1128.7,
11-Mar-19,1142.9,
12-Mar-19,1163.3,
13-Mar-19,1150.1,
14-Mar-19,1155.5,
17-Mar-19,1161.4,
18-Mar-19,1154.0,
19-Mar-19,1147.5,
21-Mar-19,1140.6,
24-Mar-19,1134.8,
25-Mar-19,1138.7,
26-Mar-19,1140.7,
27-Mar-19,1142.5,
28-Mar-19,1144.5,
31-Mar-19,1143.6,
1-Apr-19,1149.8,
2-Apr-19,1163.8,
3-Apr-19,1165.8,
4-Apr-19,1165.2,
7-Apr-19,1182.4,
8-Apr-19,1191.7,
9-Apr-19,1181.1,
10-Apr-19,1184.6,
11-Apr-19,1184.0,
15-Apr-19,1188.7,
16-Apr-19,1212.0,
17-Apr-19,1217.0,
18-Apr-19,1232.3,
21-Apr-19,1264.2,
22-Apr-19,1256.9,
23-Apr-19,1260.2,
24-Apr-19,1279.3,
25-Apr-19,1292.1,
28-Apr-19,1314.5,
29-Apr-19,1310.3,
30-Apr-19,1298.6,
2-May-19,1294.4,
5-May-19,1277.7,
6-May-19,1299.4,
7-May-19,1301.3,
8-May-19,1297.6,
9-May-19,1292.0,
12-May-19,1295.0,
13-May-19,1301.3,
14-May-19,1315.5,
15-May-19,1321.0,
16-May-19,1318.7,
19-May-19,1316.8,
20-May-19,1307.7,
21-May-19,1312.1,
22-May-19,1319.6,
23-May-19,1314.5,
26-May-19,1302.6,
27-May-19,1303.0,
28-May-19,1305.5,
29-May-19,1313.9,
30-May-19,1319.5,
2-Jun-19,1305.7,
3-Jun-19,1292.8,
4-Jun-19,1289.3,
6-Jun-19,1284.6,
10-Jun-19,1275.8,
11-Jun-19,1276.0,
12-Jun-19,1272.5,
13-Jun-19,1269.6,
16-Jun-19,1258.3,
17-Jun-19,1260.9,
18-Jun-19,1258.7,
19-Jun-19,1258.5,
20-Jun-19,1264.4,
23-Jun-19,1254.4,
24-Jun-19,1260.1,
25-Jun-19,1261.1,
26-Jun-19,1258.3,
27-Jun-19,1257.2,
30-Jun-19,1244.9,
1-Jul-19,1242.0,
2-Jul-19,1253.1,
3-Jul-19,1268.7,
4-Jul-19,1260.5,
7-Jul-19,1256.0,
8-Jul-19,1247.4,
9-Jul-19,1250.3,
10-Jul-19,1249.2,
11-Jul-19,1248.5,
14-Jul-19,1249.5,
15-Jul-19,1254.6,
16-Jul-19,1259.0,
17-Jul-19,1274.9,
18-Jul-19,1272.5,
21-Jul-19,1268.7,
22-Jul-19,1271.2,
23-Jul-19,1277.2,
24-Jul-19,1284.1,
25-Jul-19,1269.9,
28-Jul-19,1252.8,
29-Jul-19,1256.0,
30-Jul-19,1259.4,
31-Jul-19,1265.6,
1-Aug-19,1263.8,
4-Aug-19,1259.6,
5-Aug-19,1255.1,
6-Aug-19,1245.7,
7-Aug-19,1248.5,
8-Aug-19,1238.6,
11-Aug-19,1233.7,
12-Aug-19,1233.9,
13-Aug-19,1231.1,
14-Aug-19,1225.9,
15-Aug-19,1224.0,
18-Aug-19,1214.8,
19-Aug-19,1222.1,
20-Aug-19,1213.6,
21-Aug-19,1214.1,
22-Aug-19,1213.1,
25-Aug-19,1209.6,
26-Aug-19,1203.1,
27-Aug-19,1208.0,
28-Aug-19,1197.8,
29-Aug-19,1196.4,
1-Sep-19,1184.8,
2-Sep-19,1170.3,
3-Sep-19,1190.9,
4-Sep-19,1194.8,
5-Sep-19,1191.1,
8-Sep-19,1178.5,
9-Sep-19,1168.9,
10-Sep-19,1166.7,
11-Sep-19,1163.2,
12-Sep-19,1157.9,
15-Sep-19,1140.0,
16-Sep-19,1123.8,
17-Sep-19,1150.7,
18-Sep-19,1173.4,
19-Sep-19,1155.3,
22-Sep-19,1139.3,
23-Sep-19,1141.0,
24-Sep-19,1134.6,
25-Sep-19,1131.5,
26-Sep-19,1129.8,
29-Sep-19,1125.1,
30-Sep-19,1135.6,
1-Oct-19,1145.7,
2-Oct-19,1140.7,
3-Oct-19,1149.4,
10-Oct-19,1149.0,
14-Oct-19,1137.0,
15-Oct-19,1142.0,
16-Oct-19,1137.0,
17-Oct-19,1137.8,
20-Oct-19,1133.7,
21-Oct-19,1132.4,
22-Oct-19,1134.8,
23-Oct-19,1142.6,
24-Oct-19,1149.3,
31-Oct-19,1146.2,
3-Nov-19,1139.3,
4-Nov-19,1140.3,
5-Nov-19,1139.5,
6-Nov-19,1138.0,
7-Nov-19,1132.0,
10-Nov-19,1131.8,
11-Nov-19,1145.6,
12-Nov-19,1140.0,
13-Nov-19,1135.2,
14-Nov-19,1136.0,
17-Nov-19,1131.4,
18-Nov-19,1131.1,
19-Nov-19,1130.0,
20-Nov-19,1128.3,
21-Nov-19,1120.6,
24-Nov-19,1110.1,
25-Nov-19,1110.1,
26-Nov-19,1109.2,
27-Nov-19,1117.5,
28-Nov-19,1112.8,
1-Dec-19,1112.9,
2-Dec-19,1112.0,
3-Dec-19,1115.7,
4-Dec-19,1124.5,
5-Dec-19,1131.9,
8-Dec-19,1135.4,
9-Dec-19,1148.9,
10-Dec-19,1151.4,
11-Dec-19,1161.5,
12-Dec-19,1172.6,
15-Dec-19,1167.9,
16-Dec-19,1154.1,
17-Dec-19,1155.4,
18-Dec-19,1152.1,
19-Dec-19,1149.6,
22-Dec-19,1150.8,
23-Dec-19,1168.6,
24-Dec-19,1166.2,
25-Dec-19,1168.0,
26-Dec-19,1167.4,
29-Dec-19,1162.4,
30-Dec-19,1168.0,
31-Dec-19,1166.0,
1-Jan-20,1169.5,
2-Jan-20,1166.2,
5-Jan-20,1182.4,
6-Jan-20,1200.7,
7-Jan-20,1216.9,
8-Jan-20,1209.6,
9-Jan-20,1213.1,
12-Jan-20,1255.7,
13-Jan-20,1270.9,
14-Jan-20,1263.4,
15-Jan-20,1284.2,
16-Jan-20,1310.2,
19-Jan-20,1343.7,
20-Jan-20,1317.1,
21-Jan-20,1320.5,
22-Jan-20,1313.4,
23-Jan-20,1297.5,
26-Jan-20,1276.7,
27-Jan-20,1300.6,
28-Jan-20,1306.2,
29-Jan-20,1305.9,
30-Jan-20,1325.4,
2-Feb-20,1346.6,
3-Feb-20,1349.1,
4-Feb-20,1337.0,
5-Feb-20,1342.4,
6-Feb-20,1333.7,
9-Feb-20,1320.0,
10-Feb-20,1324.3,
11-Feb-20,1341.4,
12-Feb-20,1346.0,
13-Feb-20,1344.6,
16-Feb-20,1364.0,
17-Feb-20,1398.2,
18-Feb-20,1400.0,
19-Feb-20,1405.3,
20-Feb-20,1434.6,
23-Feb-20,1504.1,
24-Feb-20,1502.2,
25-Feb-20,1545.2,
26-Feb-20,1596.1,
27-Feb-20,1632.2,
1-Mar-20,1591.4,
2-Mar-20,1495.3,
3-Mar-20,1509.7,
4-Mar-20,1441.2,
5-Mar-20,1435.7,
10-Mar-20,1349.3,
11-Mar-20,1423.1,
12-Mar-20,1377.2,
15-Mar-20,1313.0,
16-Mar-20,1316.4,
17-Mar-20,1272.1,
18-Mar-20,1255.8,
19-Mar-20,1269.7,
22-Mar-20,1251.5,
12-May-20,1226.2,
13-May-20,1201.6,
29-Jun-20,1188.7,
30-Jun-20,1260.8,
1-Jul-20,1336.5,
2-Jul-20,1256.1,
5-Jul-20,1265.5,
6-Jul-20,1298.7,
7-Jul-20,1336.7,
8-Jul-20,1326.5,
9-Jul-20,1331.3,
12-Jul-20,1340.3,
13-Jul-20,1342.4,
14-Jul-20,1347.4,
15-Jul-20,1362.3,
16-Jul-20,1394.8,
19-Jul-20,1479.0,
20-Jul-20,1464.9,
21-Jul-20,1449.9,
22-Jul-20,1432.5,
23-Jul-20,1442.7,
26-Jul-20,1465.1,
27-Jul-20,1462.5,
28-Jul-20,1454.9,
29-Jul-20,1431.5,
30-Jul-20,1439.1,
2-Aug-20,1396.3,
3-Aug-20,1403.9,
5-Aug-20,1382.7,
6-Aug-20,1381.4,
9-Aug-20,1392.7,
10-Aug-20,1430.4,
11-Aug-20,1423.8,
12-Aug-20,1425.3,
13-Aug-20,1408.8,
16-Aug-20,1391.5,
17-Aug-20,1402.2,
18-Aug-20,1407.9,
19-Aug-20,1391.3,
20-Aug-20,1397.6,
23-Aug-20,1410.3,
24-Aug-20,1431.6,
25-Aug-20,1440.9,
26-Aug-20,1462.0,
27-Aug-20,1458.0,
30-Aug-20,1462.7,
31-Aug-20,1485.0,
2-Sep-20,1510.6,
3-Sep-20,1510.4,
6-Sep-20,1500.0,
7-Sep-20,1487.8,
8-Sep-20,1495.2,
9-Sep-20,1508.2,
10-Sep-20,1520.7,
13-Sep-20,1537.3,
14-Sep-20,1540.5,
15-Sep-20,1536.0,
16-Sep-20,1541.4,
17-Sep-20,1572.2,
20-Sep-20,1575.2,
21-Sep-20,1569.1,
22-Sep-20,1546.2,
23-Sep-20,1555.5,
24-Sep-20,1561.3,
27-Sep-20,1565.6,
28-Sep-20,1560.8,
29-Sep-20,1553.6,
30-Sep-20,1550.4,
1-Oct-20,1571.0,
4-Oct-20,1585.8,
5-Oct-20,1582.1,
6-Oct-20,1586.3,
7-Oct-20,1601.0,
8-Oct-20,1589.6,
11-Oct-20,1576.3,
12-Oct-20,1578.0,
13-Oct-20,1568.6,
14-Oct-20,1561.2,
15-Oct-20,1562.5,
18-Oct-20,1556.8,
19-Oct-20,1570.4,
20-Oct-20,1583.8,
21-Oct-20,1597.7,
22-Oct-20,1606.3,
28-Oct-20,1647.5,
29-Oct-20,1645.7,
1-Nov-20,1641.0,
2-Nov-20,1637.6,
3-Nov-20,1643.0,
4-Nov-20,1640.6,
5-Nov-20,1636.1,
8-Nov-20,1648.6,
9-Nov-20,1652.8,
10-Nov-20,1678.8,
11-Nov-20,1707.7,
12-Nov-20,1718.5,
18-Nov-20,1741.8,
19-Nov-20,1778.1,
22-Nov-20,1782.8,
23-Nov-20,1780.4,
24-Nov-20,1810.1,
25-Nov-20,1874.8,
26-Nov-20,1893.2,
29-Nov-20,1968.3,
30-Nov-20,1997.1,
1-Dec-20,2000.4,
2-Dec-20,2071.0,
3-Dec-20,2055.5,
6-Dec-20,1932.1,
7-Dec-20,2004.4,
8-Dec-20,1995.4,
9-Dec-20,1955.8,
10-Dec-20,1964.0,
13-Dec-20,2010.5,
14-Dec-20,2067.2,
15-Dec-20,2061.4,
16-Dec-20,2055.2,
17-Dec-20,2032.5,
20-Dec-20,1935.6,
21-Dec-20,1966.0,
22-Dec-20,2061.4,
23-Dec-20,2068.5,
24-Dec-20,2038.6,
27-Dec-20,1998.7,
28-Dec-20,2007.3,
29-Dec-20,2012.9,
30-Dec-20,2062.1,
31-Dec-20,2087.3,
3-Jan-21,2175.4,
4-Jan-21,2169.0,
5-Jan-21,2165.5,
6-Jan-21,2178.6,
7-Jan-21,2194.5,
10-Jan-21,2235.7,
11-Jan-21,2239.4,
12-Jan-21,2267.7,
13-Jan-21,2286.5,
17-Jan-21,2315.0,
18-Jan-21,2332.5,
19-Jan-21,2326.9,
20-Jan-21,2342.8,
21-Jan-21,2374.6,
24-Jan-21,2424.8,
25-Jan-21,2440.9,
26-Jan-21,2423.1,
27-Jan-21,2441.9,
28-Jan-21,2425.3,
31-Jan-21,2370.5,
1-Feb-21,2408.2,
2-Feb-21,2473.7,
3-Feb-21,2466.9,
4-Feb-21,2475.3,
7-Feb-21,2524.0,
8-Feb-21,2561.5,
9-Feb-21,2534.4,
10-Feb-21,2543.0,
11-Feb-21,2526.9,
14-Feb-21,2493.6,
15-Feb-21,2586.0,
16-Feb-21,2601.5,
17-Feb-21,2611.5,
18-Feb-21,2636.7,
21-Feb-21,2640.3,
22-Feb-21,2607.7,
23-Feb-21,2586.5,
24-Feb-21,2599.1,
25-Feb-21,2554.1,
28-Feb-21,2474.4,
1-Mar-21,2515.0,
2-Mar-21,2455.2,
3-Mar-21,2416.0,
4-Mar-21,2506.7,
7-Mar-21,2485.1,
9-Mar-21,2461.9,
10-Mar-21,2458.5,
14-Mar-21,2407.3,
15-Mar-21,2389.2,
16-Mar-21,2391.7,
17-Mar-21,2432.1,
18-Mar-21,2475.1,
21-Mar-21,2538.5,
22-Mar-21,2514.4,
23-Mar-21,2529.0,
24-Mar-21,2570.3,
25-Mar-21,2549.0,
29-Mar-21,2543.5,
30-Mar-21,2575.7,
31-Mar-21,2619.0,
1-Apr-21,2631.9,
4-Apr-21,2657.6,
5-Apr-21,2658.7,
6-Apr-21,2674.5,
7-Apr-21,2671.6,
8-Apr-21,2674.4,
12-Apr-21,2691.6,
13-Apr-21,2714.8,
15-Apr-21,2735.4,
18-Apr-21,2699.5,
19-Apr-21,2661.9,
20-Apr-21,2664.6,
21-Apr-21,2632.2,
22-Apr-21,2648.0,
25-Apr-21,2572.2,
26-Apr-21,2506.6,
27-Apr-21,2599.1,
28-Apr-21,2585.3,
29-Apr-21,2611.1,
2-May-21,2665.1,
3-May-21,2652.8,
4-May-21,2654.7,
5-May-21,2649.6,
6-May-21,2637.1,
9-May-21,2618.4,
10-May-21,2645.8,
11-May-21,2673.3,
12-May-21,2673.9,
13-May-21,2684.1,
16-May-21,2738.5,
17-May-21,2759.2,
18-May-21,2793.9,
19-May-21,2780.8,
20-May-21,2787.2,
23-May-21,2820.0,
24-May-21,2823.1,
25-May-21,2816.6,
27-May-21,2815.4,
30-May-21,2827.9,
31-May-21,2782.8,
1-Jun-21,2771.4,
2-Jun-21,2827.1,
3-Jun-21,2856.8,
6-Jun-21,2906.9,
7-Jun-21,2906.7,
8-Jun-21,2960.1,
9-Jun-21,2946.6,
10-Jun-21,2944.8,
13-Jun-21,2983.1,
14-Jun-21,3025.8,
15-Jun-21,3022.1,
16-Jun-21,2969.7,
17-Jun-21,2968.4,
20-Jun-21,2905.5,
21-Jun-21,2834.4,
22-Jun-21,2913.8,
23-Jun-21,2860.0,
24-Jun-21,2843.0,
27-Jun-21,2870.4,
28-Jun-21,2875.5,
29-Jun-21,2828.0,
30-Jun-21,2823.9,
1-Jul-21,2843.0,
4-Jul-21,2834.5,
5-Jul-21,2823.4,
6-Jul-21,2818.1,
7-Jul-21,2801.1,
8-Jul-21,2825.1,
11-Jul-21,2899.8,
12-Jul-21,2854.7,
13-Jul-21,2871.0,
14-Jul-21,2872.1,
15-Jul-21,2883.4,
18-Jul-21,2980.6,
19-Jul-21,2994.6,
20-Jul-21,2985.6,
22-Jul-21,3004.3,
25-Jul-21,3058.7,
26-Jul-21,3050.4,
27-Jul-21,3079.6,
28-Jul-21,3094.9,
29-Jul-21,3079.8,
1-Aug-21,3081.0,
2-Aug-21,3085.1,
3-Aug-21,3111.1,
4-Aug-21,3123.4,
5-Aug-21,3107.5,
8-Aug-21,3108.1,
9-Aug-21,3109.6,
10-Aug-21,3161.7,
11-Aug-21,3162.6,
12-Aug-21,3178.9,
15-Aug-21,3154.3,
16-Aug-21,3160.1,
17-Aug-21,3160.3,
18-Aug-21,3199.0,
19-Aug-21,3180.9,
24-Aug-21,3124.9,
25-Aug-21,3076.4,
26-Aug-21,3094.1,
29-Aug-21,3044.9,
31-Aug-21,2975.8,
1-Sep-21,2977.0,
2-Sep-21,2927.0,
5-Sep-21,2818.8,
6-Sep-21,2980.8,
7-Sep-21,2936.6,
8-Sep-21,2876.6,
9-Sep-21,2876.0,
12-Sep-21,2947.4,
13-Sep-21,2947.8,
14-Sep-21,2929.3,
15-Sep-21,2889.0,
16-Sep-21,2812.3,
20-Sep-21,2698.2,
21-Sep-21,2712.1,
22-Sep-21,2817.0,
23-Sep-21,2819.7,
26-Sep-21,2758.5,
27-Sep-21,2685.4,
28-Sep-21,2615.4,
29-Sep-21,2665.9,
30-Sep-21,2633.4,
3-Oct-21,2577.5,
4-Oct-21,2570.8,
5-Oct-21,2612.6,
6-Oct-21,2681.1,
10-Oct-21,2662.6,
11-Oct-21,2639.4,
17-Oct-21,2657.0,
18-Oct-21,2588.1,
19-Oct-21,2511.1,
20-Oct-21,2571.7,
21-Oct-21,2557.0,
24-Oct-21,2584.6,
25-Oct-21,2672.3,
26-Oct-21,2751.1,
27-Oct-21,2769.1,
28-Oct-21,2782.1,
31-Oct-21,2837.6,
1-Nov-21,2819.9,
2-Nov-21,2843.6,
3-Nov-21,2848.8,
8-Nov-21,2829.6,
9-Nov-21,2749.9,
11-Nov-21,2690.3,
14-Nov-21,2688.9,
15-Nov-21,2715.4,
16-Nov-21,2784.6,
17-Nov-21,2801.5,
18-Nov-21,2769.1,
21-Nov-21,2757.5,
22-Nov-21,2765.4,
23-Nov-21,2733.1,
24-Nov-21,2735.0,
25-Nov-21,2731.8,
28-Nov-21,2651.5,
29-Nov-21,2630.0,
30-Nov-21,2628.4,
1-Dec-21,2633.7,
2-Dec-21,2586.2,
5-Dec-21,2513.9,
6-Dec-21,2546.1,
7-Dec-21,2508.9,
8-Dec-21,2455.8,
9-Dec-21,2450.0,
12-Dec-21,2361.2,
13-Dec-21,2281.7,
14-Dec-21,2418.8,
15-Dec-21,2414.6,
16-Dec-21,2376.7,
20-Dec-21,2358.8,
21-Dec-21,2415.6,
22-Dec-21,2507.7,
23-Dec-21,2520.2,
26-Dec-21,2591.4,
27-Dec-21,2521.7,
28-Dec-21,2519.0,
29-Dec-21,2524.5,
2-Jan-22,2584.9,
3-Jan-22,2616.9,
4-Jan-22,2680.0,
5-Jan-22,2649.2,
6-Jan-22,2692.5,
9-Jan-22,2765.5,
10-Jan-22,2785.0,
11-Jan-22,2834.1,
12-Jan-22,2803.6,
13-Jan-22,2857.8,
16-Jan-22,2926.7,
17-Jan-22,2947.4,
18-Jan-22,2936.7,
19-Jan-22,2898.3,
20-Jan-22,2931.3,
23-Jan-22,2920.5,
24-Jan-22,2820.7,
25-Jan-22,2815.1,
26-Jan-22,2776.7,
27-Jan-22,2780.0,
30-Jan-22,2885.5,
31-Jan-22,2872.1,
1-Feb-22,2891.3,
3-Feb-22,2876.7,
6-Feb-22,2836.2,
7-Feb-22,2851.9,
8-Feb-22,2835.6,
9-Feb-22,2813.5,
10-Feb-22,2801.6,
13-Feb-22,2700.9,
14-Feb-22,2701.0,
15-Feb-22,2754.3,
16-Feb-22,2734.4,
17-Feb-22,2732.5,
20-Feb-22,2693.1,
21-Feb-22,2718.5,
22-Feb-22,2735.9,
23-Feb-22,2720.4,
24-Feb-22,2661.4,
27-Feb-22,2653.7,
28-Feb-22,2610.6,
2-Mar-22,2547.0,
6-Mar-22,2543.4,
7-Mar-22,2544.9,
9-Mar-22,2514.6,
10-Mar-22,2566.9,
13-Mar-22,2668.0,
14-Mar-22,2668.1,
15-Mar-22,2651.0,
16-Mar-22,2631.3,
20-Mar-22,2616.6,
21-Mar-22,2634.7,
22-Mar-22,2650.7,
23-Mar-22,2630.4,
24-Mar-22,2613.7,
27-Mar-22,2572.3,
28-Mar-22,2541.8,
29-Mar-22,2527.6,
30-Mar-22,2568.3,
31-Mar-22,2544.3,
3-Apr-22,2513.4,
4-Apr-22,2498.5,
5-Apr-22,2452.1,
6-Apr-22,2428.7,
7-Apr-22,2464.4,
11-Apr-22,2419.8,
12-Apr-22,2385.0,
13-Apr-22,2415.2,
17-Apr-22,2385.6,
18-Apr-22,2343.9,
19-Apr-22,2357.2,
20-Apr-22,2320.5,
21-Apr-22,2325.5,
24-Apr-22,2421.0,
25-Apr-22,2386.0,
26-Apr-22,2371.0,
27-Apr-22,2376.2,
28-Apr-22,2356.2,
2-May-22,2307.4,
4-May-22,2275.7,
5-May-22,2238.6,
8-May-22,2256.6,
9-May-22,2268.8,
10-May-22,2313.0,
11-May-22,2369.1,
12-May-22,2350.4,
17-May-22,2265.5,
18-May-22,2274.4,
19-May-22,2250.9,
23-May-22,2200.9,
24-May-22,2217.2,
25-May-22,2231.6,
26-May-22,2239.6,
30-May-22,2173.4,
31-May-22,2137.9,
1-Jun-22,2130.7,
2-Jun-22,2112.5,
6-Jun-22,2065.8,
7-Jun-22,2020.2,
8-Jun-22,2080.4,
9-Jun-22,2062.8,
13-Jun-22,2032.3,
14-Jun-22,1996.3,
15-Jun-22,1966.4,
16-Jun-22,1978.9,
17-Jun-22,1971.4,
19-Jun-22,1934.1,
20-Jun-22,1884.8,
21-Jun-22,1924.7,
22-Jun-22,1893.5,
23-Jun-22,1848.3,
24-Jun-22,1862.1,
26-Jun-22,1957.0,
27-Jun-22,1933.1,
28-Jun-22,1921.3,
29-Jun-22,1962.7,
30-Jun-22,2037.6,
1-Jul-22,2028.8,
3-Jul-22,2086.4,
4-Jul-22,2076.7,
5-Jul-22,2030.6,
6-Jul-22,2043.9,
7-Jul-22,2027.3,
8-Jul-22,1992.6,
11-Jul-22,1915.6,
12-Jul-22,1927.3,
13-Jul-22,1986.8,
14-Jul-22,2001.5,
15-Jul-22,2009.5,
17-Jul-22,2011.4,
18-Jul-22,2029.4,
19-Jul-22,2045.7,
20-Jul-22,2050.6,
21-Jul-22,2044.7,
22-Jul-22,2017.5,
24-Jul-22,2078.5,
25-Jul-22,2133.0,
26-Jul-22,2088.2,
27-Jul-22,2112.0,
28-Jul-22,2127.5,
29-Jul-22,2140.5,
31-Jul-22,2195.1,
1-Aug-22,2196.3,
2-Aug-22,2193.5,
3-Aug-22,2186.8,
4-Aug-22,2148.2,
5-Aug-22,2113.6,
7-Aug-22,2123.8,
8-Aug-22,2106.2,
9-Aug-22,2062.8,
10-Aug-22,2056.9,
11-Aug-22,2037.9,
14-Aug-22,2010.0,
15-Aug-22,2065.9,
16-Aug-22,2041.1,
17-Aug-22,2040.7,
18-Aug-22,2068.3,
21-Aug-22,2060.6,
22-Aug-22,2053.1,
23-Aug-22,2055.0,
24-Aug-22,2057.8,
25-Aug-22,2039.6,
26-Aug-22,2022.6,
28-Aug-22,1989.3,
29-Aug-22,1993.0,
30-Aug-22,1995.3,
31-Aug-22,1973.4,
1-Sep-22,1972.3,
2-Sep-22,1970.6,
4-Sep-22,1977.3,
5-Sep-22,1973.0,
6-Sep-22,1951.8,
7-Sep-22,1939.9,
8-Sep-22,1937.7,
11-Sep-22,1926.3,
12-Sep-22,1912.7,
13-Sep-22,1934.0,
14-Sep-22,1981.5,
15-Sep-22,1924.5,
16-Sep-22,1910.4,
18-Sep-22,1876.4,
20-Sep-22,1837.6,
21-Sep-22,1848.8,
22-Sep-22,1839.0,
25-Sep-22,1815.1,
27-Sep-22,1831.1,
28-Sep-22,1837.5,
29-Sep-22,1853.8,
9-Oct-22,1898.4,
10-Oct-22,1871.2,
11-Oct-22,1855.2,
12-Oct-22,1866.5,
13-Oct-22,1870.6,
16-Oct-22,1860.9,
17-Oct-22,1858.3,
19-Oct-22,1845.5,
20-Oct-22,1844.1,
23-Oct-22,1858.5,
31-Oct-22,1874.9,
1-Nov-22,1931.0,
2-Nov-22,1938.3,
3-Nov-22,1922.2,
6-Nov-22,1965.4,
7-Nov-22,1958.9,
8-Nov-22,1956.4,
9-Nov-22,1917.2,
10-Nov-22,1893.7,
13-Nov-22,1883.2,
14-Nov-22,1904.5,
15-Nov-22,1897.9,
16-Nov-22,1911.3,
17-Nov-22,1936.8,
22-Nov-22,1929.7,
23-Nov-22,1922.0,
24-Nov-22,1933.6,
27-Nov-22,1966.0,
28-Nov-22,1950.4,
29-Nov-22,1953.4,
30-Nov-22,1949.9,
1-Dec-22,1961.1,
4-Dec-22,1963.2,
5-Dec-22,1938.8,
6-Dec-22,1933.9,
7-Dec-22,1917.3,
11-Dec-22,1885.3,
12-Dec-22,1902.3,
13-Dec-22,1899.7,
14-Dec-22,1897.1,
15-Dec-22,1882.6,
18-Dec-22,1855.1,
19-Dec-22,1858.9,
20-Dec-22,1873.1,
21-Dec-22,1867.2,
22-Dec-22,1867.2,
26-Dec-22,1924.1,
27-Dec-22,1984.0,
28-Dec-22,1972.2,
29-Dec-22,2029.0,
1-Jan-23,2046.3,
2-Jan-23,2064.1,
3-Jan-23,2061.1,
4-Jan-23,2125.8,
5-Jan-23,2143.9,
8-Jan-23,2164.6,
9-Jan-23,2211.8,
10-Jan-23,2190.4,
12-Jan-23,2149.4,
17-Jan-23,2182.1,
18-Jan-23,2173.1,
19-Jan-23,2178.8,
23-Jan-23,2165.1,
24-Jan-23,2173.3,
25-Jan-23,2183.6,
26-Jan-23,2183.2,
29-Jan-23,2168.5,
30-Jan-23,2127.4,
31-Jan-23,2111.7,
1-Feb-23,2116.7,
2-Feb-23,2094.5,
5-Feb-23,2096.1,
6-Feb-23,2100.7,
7-Feb-23,2177.3,
8-Feb-23,2170.2,
9-Feb-23,2182.6,
12-Feb-23,2121.9,
14-Feb-23,2105.5,
15-Feb-23,2091.6,
16-Feb-23,2070.4,
20-Feb-23,2046.8,
22-Feb-23,2080.4,
23-Feb-23,2022.6,
26-Feb-23,2027.2,
27-Feb-23,2023.5,
28-Feb-23,2019.9,
1-Mar-23,1995.5,
2-Mar-23,1969.0,
5-Mar-23,1938.3,
7-Mar-23,1952.7,
9-Mar-23,2002.7,
12-Mar-23,1975.9,
13-Mar-23,1951.2,
14-Mar-23,1953.1,
15-Mar-23,1938.6,
16-Mar-23,1933.3,
19-Mar-23,1926.4,
20-Mar-23,1949.1,
22-Mar-23,1933.3,
23-Mar-23,1915.1,
26-Mar-23,1888.3,
27-Mar-23,1906.0,
28-Mar-23,1918.4,
29-Mar-23,1919.4,
30-Mar-23,1908.6,
2-Apr-23,1888.6,
3-Apr-23,1871.9,
4-Apr-23,1866.7,
5-Apr-23,1875.1,
6-Apr-23,1866.8,
9-Apr-23,1838.5,
10-Apr-23,1844.0,
11-Apr-23,1871.3,
12-Apr-23,1963.6,
13-Apr-23,1934.5,
16-Apr-23,1931.7,
17-Apr-23,1908.1,
18-Apr-23,1905.0,
19-Apr-23,1920.1,
20-Apr-23,1904.4,
23-Apr-23,1885.6,
24-Apr-23,1888.3,
25-Apr-23,1905.7,
26-Apr-23,1892.0,
27-Apr-23,1889.8,
30-Apr-23,1870.7,
2-May-23,1866.4,
3-May-23,1857.0,
4-May-23,1869.7,
7-May-23,1850.6,
8-May-23,1833.7,
9-May-23,1844.4,
10-May-23,1841.9,
11-May-23,1838.6,
14-May-23,1821.6,
15-May-23,1818.3,
16-May-23,1821.6,
17-May-23,1845.0,
18-May-23,1877.3,
21-May-23,1883.2,
22-May-23,1891.3,
23-May-23,1942.6,
24-May-23,1959.1,
28-May-23,1941.8,
30-May-23,1888.6,
31-May-23,1849.8,
1-Jun-23,1866.3,
4-Jun-23,1919.4,
5-Jun-23,1902.0,
6-Jun-23,1927.7,
7-Jun-23,1932.3,
8-Jun-23,1939.6,
11-Jun-23,1980.1,
12-Jun-23,1986.5,
13-Jun-23,2020.6,
14-Jun-23,2037.1,
15-Jun-23,2042.1,
18-Jun-23,2094.3,
19-Jun-23,2091.4,
20-Jun-23,2064.8,
21-Jun-23,2050.8,
22-Jun-23,2055.5,
25-Jun-23,2117.7,
26-Jun-23,2129.4,
27-Jun-23,2186.4,
28-Jun-23,2151.0,
2-Jul-23,2097.3,
3-Jul-23,2076.0,
4-Jul-23,2088.7,
5-Jul-23,2049.4,
6-Jul-23,2049.4,
9-Jul-23,2077.8,
10-Jul-23,2077.0,
11-Jul-23,2072.2,
12-Jul-23,2097.6,
13-Jul-23,2084.9,
16-Jul-23,2097.1,
17-Jul-23,2144.2,
18-Jul-23,2154.1,
19-Jul-23,2165.2,
20-Jul-23,2163.9,
23-Jul-23,2227.2,
24-Jul-23,2200.5,
25-Jul-23,2164.3,
26-Jul-23,2156.2,
27-Jul-23,2126.5,
30-Jul-23,2100.3,
31-Jul-23,2106.2,
1-Aug-23,2077.6,
2-Aug-23,2086.8,
3-Aug-23,2089.8,
6-Aug-23,2051.5,
7-Aug-23,2048.3,
8-Aug-23,2019.9,
9-Aug-23,2060.9,
10-Aug-23,2066.1,
13-Aug-23,2080.9,
14-Aug-23,2077.2,
15-Aug-23,2045.4,
16-Aug-23,2025.1,
17-Aug-23,2033.1,
20-Aug-23,2011.2,
21-Aug-23,1998.3,
22-Aug-23,2016.0,
23-Aug-23,2045.5,
24-Aug-23,2013.9,
27-Aug-23,1993.4,
28-Aug-23,1998.5,
29-Aug-23,1993.4,
30-Aug-23,1990.6,
3-Sep-23,1960.8,
4-Sep-23,1967.8,
5-Sep-23,1961.4,
7-Sep-23,1932.5,
10-Sep-23,1942.7,
11-Sep-23,1987.0,
12-Sep-23,1967.6,
13-Sep-23,2007.1,
17-Sep-23,1964.9,
18-Sep-23,1969.2,
19-Sep-23,1985.4,
21-Sep-23,2029.8,
24-Sep-23,2010.4,
25-Sep-23,2004.5,
26-Sep-23,2022.9,
27-Sep-23,2004.3,
1-Oct-23,1971.1,
2-Oct-23,1976.3,
3-Oct-23,1958.7,
4-Oct-23,1968.0,
5-Oct-23,1956.9,
8-Oct-23,1921.2,
9-Oct-23,1908.7,
10-Oct-23,1889.6,
11-Oct-23,1894.8,
12-Oct-23,1874.6,
16-Oct-23,1851.4,
17-Oct-23,1864.6,
18-Oct-23,1907.9,
19-Oct-23,1903.8,
29-Oct-23,1875.7,
30-Oct-23,1878.7,
31-Oct-23,1864.4,
1-Nov-23,1858.6,
2-Nov-23,1847.7,
5-Nov-23,1826.2,
6-Nov-23,1847.5,
7-Nov-23,1858.8,
8-Nov-23,1863.9,
9-Nov-23,1852.1,
20-Nov-23,1853.5,
21-Nov-23,1829.7,
22-Nov-23,1850.3,
23-Nov-23,1860.2,
26-Nov-23,1908.0,
27-Nov-23,1896.7,
28-Nov-23,1894.5,
29-Nov-23,1876.6,
30-Nov-23,1858.5,
3-Dec-23,1851.2,
4-Dec-23,1847.8,
5-Dec-23,1837.7,
6-Dec-23,1841.0,
7-Dec-23,1852.8,
10-Dec-23,1964.0,
11-Dec-23,1948.6,
12-Dec-23,1985.4,
13-Dec-23,1988.0,
14-Dec-23,1994.6,
17-Dec-23,2022.4,
18-Dec-23,2060.5,
19-Dec-23,2106.5,
20-Dec-23,2141.9,
21-Dec-23,2109.1,
24-Dec-23,2088.1,
27-Dec-23,2070.8,
28-Dec-23,2068.9,
1-Jan-24,2060.2,
2-Jan-24,2030.1,
3-Jan-24,2058.0,
4-Jan-24,2049.3,
7-Jan-24,2022.9,
8-Jan-24,2059.5,
9-Jan-24,2080.1,
10-Jan-24,2089.6,
11-Jan-24,2089.0,
14-Jan-24,2120.6,
16-Jan-24,2175.2,
17-Jan-24,2163.1,
18-Jan-24,2155.8,
21-Jan-24,2130.2,
22-Jan-24,2098.7,
23-Jan-24,2098.3,
24-Jan-24,2088.0,
25-Jan-24,2084.1,
28-Jan-24,2094.5,
29-Jan-24,2104.7,
30-Jan-24,2119.6,
31-Jan-24,2097.9,
1-Feb-24,2067.0,
4-Feb-24,2061.7,
5-Feb-24,2076.3,
6-Feb-24,2085.7,
7-Feb-24,2090.6,
8-Feb-24,2096.3,
11-Feb-24,2085.8,
12-Feb-24,2101.2,
13-Feb-24,2070.6,
14-Feb-24,2076.5,
15-Feb-24,2062.0,
18-Feb-24,2034.8,
20-Feb-24,2033.1,
21-Feb-24,2026.6,
22-Feb-24,2005.8,
25-Feb-24,1979.0,
26-Feb-24,1992.3,
27-Feb-24,2001.6,
28-Feb-24,2000.8,
29-Feb-24,1972.1,
3-Mar-24,1960.3,
4-Mar-24,2078.0,
5-Mar-24,2007.7,
6-Mar-24,2017.0,
7-Mar-24,2030.6,
10-Mar-24,2052.7,
12-Mar-24,2111.2,
13-Mar-24,2108.7,
14-Mar-24,2080.9,
17-Mar-24,2070.3,
18-Mar-24,2073.5,
19-Mar-24,2067.3,
20-Mar-24,2064.0,
21-Mar-24,2048.6,
25-Mar-24,2031.6,
26-Mar-24,2041.7,
27-Mar-24,2030.9,
28-Mar-24,2035.6,
31-Mar-24,2018.3,
1-Apr-24,2012.1,
2-Apr-24,2010.2,
3-Apr-24,2006.8,
4-Apr-24,2004.1,
7-Apr-24,2026.8,
9-Apr-24,2036.0,
10-Apr-24,2025.7,
14-Apr-24,2023.4,
15-Apr-24,2006.5,
16-Apr-24,1991.7,
18-Apr-24,1972.1,
21-Apr-24,1984.4,
22-Apr-24,1969.0,
24-Apr-24,1969.2,
25-Apr-24,1965.9,
28-Apr-24,1980.3,
29-Apr-24,1980.3,
30-Apr-24,2006.3,
